timestamp,batch_id,pair_index,pattern_type,match_label,confidence,cache_hit,fallback_used,llm_used,parse_ok,error_type,context,pattern_json,item_json,pattern_hash,item_hash,input_json,output_json
2025-12-30T04:19:29.017838+00:00,0f6aa524-e057-40e5-99f3-1881cf0b3157,0,task,False,0.55,False,False,True,True,,llm_batch,"{""needs_information"": true, ""type"": ""task""}","{""allocated_resources"": [], ""attempts"": 0, ""children"": [], ""created_at"": ""2025-12-30T04:18:41.618601+00:00"", ""dependencies"": [], ""description"": ""Implement production rule system and cognitive reasoning capabilities"", ""failure_conditions"": [], ""goal_type"": ""achieve"", ""last_updated"": ""2025-12-30T04:18:41.618605+00:00"", ""max_attempts"": 3, ""metadata"": {}, ""name"": ""implement_cognitive_reasoning"", ""parent"": ""be_helpful_cognitive_assistant"", ""priority"": 0.9, ""progress"": null, ""required_resources"": [], ""status"": ""active"", ""success_conditions"": [], ""tags"": []}",1d90adb7418631158747666cdb2de0b30dfbad7a4a45c978b9eeb4d782494a27,2a1b0ee86c5c165e3143c81f48ae87666aab0b0ec483c3f45e3c3b9b1d47a596,"{""item"": {""allocated_resources"": [], ""attempts"": 0, ""children"": [], ""created_at"": ""2025-12-30T04:18:41.618601+00:00"", ""dependencies"": [], ""description"": ""Implement production rule system and cognitive reasoning capabilities"", ""failure_conditions"": [], ""goal_type"": ""achieve"", ""last_updated"": ""2025-12-30T04:18:41.618605+00:00"", ""max_attempts"": 3, ""metadata"": {}, ""name"": ""implement_cognitive_reasoning"", ""parent"": ""be_helpful_cognitive_assistant"", ""priority"": 0.9, ""progress"": null, ""required_resources"": [], ""status"": ""active"", ""success_conditions"": [], ""tags"": []}, ""pattern"": {""needs_information"": true, ""type"": ""task""}}","{""confidence"": 0.55, ""match"": false}"
2025-12-30T04:19:29.018199+00:00,0f6aa524-e057-40e5-99f3-1881cf0b3157,1,task,False,0.5,False,False,True,True,,llm_batch,"{""needs_information"": true, ""type"": ""task""}",{},1d90adb7418631158747666cdb2de0b30dfbad7a4a45c978b9eeb4d782494a27,44136fa355b3678a1146ad16f7e8649e94fb4fc21fe77e8310c060f61caaff8a,"{""item"": {}, ""pattern"": {""needs_information"": true, ""type"": ""task""}}","{""confidence"": 0.5, ""match"": false}"
2025-12-30T04:19:29.018389+00:00,0f6aa524-e057-40e5-99f3-1881cf0b3157,2,goal,False,0.85,False,False,True,True,,llm_batch,"{""goal_type"": ""learn"", ""type"": ""goal""}","{""allocated_resources"": [], ""attempts"": 0, ""children"": [""minimize_cognitive_dissonance"", ""implement_cognitive_reasoning""], ""created_at"": ""2025-12-30T04:18:40.583712+00:00"", ""dependencies"": [], ""description"": ""Be a helpful, capable cognitive assistant that can reason, learn, and solve problems"", ""failure_conditions"": [], ""goal_type"": ""maintain"", ""last_updated"": ""2025-12-30T04:18:40.583716+00:00"", ""max_attempts"": 3, ""metadata"": {}, ""name"": ""be_helpful_cognitive_assistant"", ""parent"": null, ""priority"": 1.0, ""progress"": null, ""required_resources"": [], ""status"": ""active"", ""success_conditions"": [], ""tags"": []}",a2f0948a11eaf00a966b19da7a35a0d69332b4d430516d179277be08457f33cf,272df6591e32ad44f2f18d79cba99e29cba044b6efeec10d49a34e4d2dc5c484,"{""item"": {""allocated_resources"": [], ""attempts"": 0, ""children"": [""minimize_cognitive_dissonance"", ""implement_cognitive_reasoning""], ""created_at"": ""2025-12-30T04:18:40.583712+00:00"", ""dependencies"": [], ""description"": ""Be a helpful, capable cognitive assistant that can reason, learn, and solve problems"", ""failure_conditions"": [], ""goal_type"": ""maintain"", ""last_updated"": ""2025-12-30T04:18:40.583716+00:00"", ""max_attempts"": 3, ""metadata"": {}, ""name"": ""be_helpful_cognitive_assistant"", ""parent"": null, ""priority"": 1.0, ""progress"": null, ""required_resources"": [], ""status"": ""active"", ""success_conditions"": [], ""tags"": []}, ""pattern"": {""goal_type"": ""learn"", ""type"": ""goal""}}","{""confidence"": 0.85, ""match"": false}"
2025-12-30T04:19:29.018580+00:00,0f6aa524-e057-40e5-99f3-1881cf0b3157,3,goal,False,0.85,False,False,True,True,,llm_batch,"{""goal_type"": ""learn"", ""type"": ""goal""}","{""allocated_resources"": [], ""attempts"": 0, ""children"": [], ""created_at"": ""2025-12-30T04:18:41.210884+00:00"", ""dependencies"": [], ""description"": ""Maintain alignment with self-model by minimizing cognitive dissonance across all dimensions (logical, factual, behavioral, goal-based)"", ""failure_conditions"": [], ""goal_type"": ""maintain"", ""last_updated"": ""2025-12-30T04:18:41.210889+00:00"", ""max_attempts"": 3, ""metadata"": {}, ""name"": ""minimize_cognitive_dissonance"", ""parent"": ""be_helpful_cognitive_assistant"", ""priority"": 1.0, ""progress"": null, ""required_resources"": [], ""status"": ""active"", ""success_conditions"": [{""operator"": ""<"", ""type"": ""overall_dissonance"", ""value"": 0.2}, {""operator"": ""=="", ""type"": ""no_critical_dissonance"", ""value"": true}], ""tags"": []}",a2f0948a11eaf00a966b19da7a35a0d69332b4d430516d179277be08457f33cf,99c4c3a06625e3153e5212f072aeaff50f01b7cbc03b9b197e68d1981aca86b3,"{""item"": {""allocated_resources"": [], ""attempts"": 0, ""children"": [], ""created_at"": ""2025-12-30T04:18:41.210884+00:00"", ""dependencies"": [], ""description"": ""Maintain alignment with self-model by minimizing cognitive dissonance across all dimensions (logical, factual, behavioral, goal-based)"", ""failure_conditions"": [], ""goal_type"": ""maintain"", ""last_updated"": ""2025-12-30T04:18:41.210889+00:00"", ""max_attempts"": 3, ""metadata"": {}, ""name"": ""minimize_cognitive_dissonance"", ""parent"": ""be_helpful_cognitive_assistant"", ""priority"": 1.0, ""progress"": null, ""required_resources"": [], ""status"": ""active"", ""success_conditions"": [{""operator"": ""<"", ""type"": ""overall_dissonance"", ""value"": 0.2}, {""operator"": ""=="", ""type"": ""no_critical_dissonance"", ""value"": true}], ""tags"": []}, ""pattern"": {""goal_type"": ""learn"", ""type"": ""goal""}}","{""confidence"": 0.85, ""match"": false}"
2025-12-30T04:19:29.018782+00:00,0f6aa524-e057-40e5-99f3-1881cf0b3157,4,goal,False,0.85,False,False,True,True,,llm_batch,"{""goal_type"": ""learn"", ""type"": ""goal""}","{""allocated_resources"": [], ""attempts"": 0, ""children"": [], ""created_at"": ""2025-12-30T04:18:41.618601+00:00"", ""dependencies"": [], ""description"": ""Implement production rule system and cognitive reasoning capabilities"", ""failure_conditions"": [], ""goal_type"": ""achieve"", ""last_updated"": ""2025-12-30T04:18:41.618605+00:00"", ""max_attempts"": 3, ""metadata"": {}, ""name"": ""implement_cognitive_reasoning"", ""parent"": ""be_helpful_cognitive_assistant"", ""priority"": 0.9, ""progress"": null, ""required_resources"": [], ""status"": ""active"", ""success_conditions"": [], ""tags"": []}",a2f0948a11eaf00a966b19da7a35a0d69332b4d430516d179277be08457f33cf,2a1b0ee86c5c165e3143c81f48ae87666aab0b0ec483c3f45e3c3b9b1d47a596,"{""item"": {""allocated_resources"": [], ""attempts"": 0, ""children"": [], ""created_at"": ""2025-12-30T04:18:41.618601+00:00"", ""dependencies"": [], ""description"": ""Implement production rule system and cognitive reasoning capabilities"", ""failure_conditions"": [], ""goal_type"": ""achieve"", ""last_updated"": ""2025-12-30T04:18:41.618605+00:00"", ""max_attempts"": 3, ""metadata"": {}, ""name"": ""implement_cognitive_reasoning"", ""parent"": ""be_helpful_cognitive_assistant"", ""priority"": 0.9, ""progress"": null, ""required_resources"": [], ""status"": ""active"", ""success_conditions"": [], ""tags"": []}, ""pattern"": {""goal_type"": ""learn"", ""type"": ""goal""}}","{""confidence"": 0.85, ""match"": false}"
2025-12-30T04:19:29.018966+00:00,0f6aa524-e057-40e5-99f3-1881cf0b3157,5,goal,False,0.6,False,False,True,True,,llm_batch,"{""goal_type"": ""learn"", ""type"": ""goal""}",{},a2f0948a11eaf00a966b19da7a35a0d69332b4d430516d179277be08457f33cf,44136fa355b3678a1146ad16f7e8649e94fb4fc21fe77e8310c060f61caaff8a,"{""item"": {}, ""pattern"": {""goal_type"": ""learn"", ""type"": ""goal""}}","{""confidence"": 0.6, ""match"": false}"
2025-12-30T04:19:29.019148+00:00,0f6aa524-e057-40e5-99f3-1881cf0b3157,6,task,False,0.7,False,False,True,True,,llm_batch,"{""complexity"": ""high"", ""type"": ""task""}","{""allocated_resources"": [], ""attempts"": 0, ""children"": [""minimize_cognitive_dissonance"", ""implement_cognitive_reasoning""], ""created_at"": ""2025-12-30T04:18:40.583712+00:00"", ""dependencies"": [], ""description"": ""Be a helpful, capable cognitive assistant that can reason, learn, and solve problems"", ""failure_conditions"": [], ""goal_type"": ""maintain"", ""last_updated"": ""2025-12-30T04:18:40.583716+00:00"", ""max_attempts"": 3, ""metadata"": {}, ""name"": ""be_helpful_cognitive_assistant"", ""parent"": null, ""priority"": 1.0, ""progress"": null, ""required_resources"": [], ""status"": ""active"", ""success_conditions"": [], ""tags"": []}",52fd11b5bae020dd18db68e5578b736681eead0a0dd5686f41079f8c9a190019,272df6591e32ad44f2f18d79cba99e29cba044b6efeec10d49a34e4d2dc5c484,"{""item"": {""allocated_resources"": [], ""attempts"": 0, ""children"": [""minimize_cognitive_dissonance"", ""implement_cognitive_reasoning""], ""created_at"": ""2025-12-30T04:18:40.583712+00:00"", ""dependencies"": [], ""description"": ""Be a helpful, capable cognitive assistant that can reason, learn, and solve problems"", ""failure_conditions"": [], ""goal_type"": ""maintain"", ""last_updated"": ""2025-12-30T04:18:40.583716+00:00"", ""max_attempts"": 3, ""metadata"": {}, ""name"": ""be_helpful_cognitive_assistant"", ""parent"": null, ""priority"": 1.0, ""progress"": null, ""required_resources"": [], ""status"": ""active"", ""success_conditions"": [], ""tags"": []}, ""pattern"": {""complexity"": ""high"", ""type"": ""task""}}","{""confidence"": 0.7, ""match"": false}"
2025-12-30T04:19:29.019349+00:00,0f6aa524-e057-40e5-99f3-1881cf0b3157,7,task,False,0.7,False,False,True,True,,llm_batch,"{""complexity"": ""high"", ""type"": ""task""}","{""allocated_resources"": [], ""attempts"": 0, ""children"": [], ""created_at"": ""2025-12-30T04:18:41.210884+00:00"", ""dependencies"": [], ""description"": ""Maintain alignment with self-model by minimizing cognitive dissonance across all dimensions (logical, factual, behavioral, goal-based)"", ""failure_conditions"": [], ""goal_type"": ""maintain"", ""last_updated"": ""2025-12-30T04:18:41.210889+00:00"", ""max_attempts"": 3, ""metadata"": {}, ""name"": ""minimize_cognitive_dissonance"", ""parent"": ""be_helpful_cognitive_assistant"", ""priority"": 1.0, ""progress"": null, ""required_resources"": [], ""status"": ""active"", ""success_conditions"": [{""operator"": ""<"", ""type"": ""overall_dissonance"", ""value"": 0.2}, {""operator"": ""=="", ""type"": ""no_critical_dissonance"", ""value"": true}], ""tags"": []}",52fd11b5bae020dd18db68e5578b736681eead0a0dd5686f41079f8c9a190019,99c4c3a06625e3153e5212f072aeaff50f01b7cbc03b9b197e68d1981aca86b3,"{""item"": {""allocated_resources"": [], ""attempts"": 0, ""children"": [], ""created_at"": ""2025-12-30T04:18:41.210884+00:00"", ""dependencies"": [], ""description"": ""Maintain alignment with self-model by minimizing cognitive dissonance across all dimensions (logical, factual, behavioral, goal-based)"", ""failure_conditions"": [], ""goal_type"": ""maintain"", ""last_updated"": ""2025-12-30T04:18:41.210889+00:00"", ""max_attempts"": 3, ""metadata"": {}, ""name"": ""minimize_cognitive_dissonance"", ""parent"": ""be_helpful_cognitive_assistant"", ""priority"": 1.0, ""progress"": null, ""required_resources"": [], ""status"": ""active"", ""success_conditions"": [{""operator"": ""<"", ""type"": ""overall_dissonance"", ""value"": 0.2}, {""operator"": ""=="", ""type"": ""no_critical_dissonance"", ""value"": true}], ""tags"": []}, ""pattern"": {""complexity"": ""high"", ""type"": ""task""}}","{""confidence"": 0.7, ""match"": false}"
2025-12-30T04:19:29.019547+00:00,0f6aa524-e057-40e5-99f3-1881cf0b3157,8,task,False,0.6,False,False,True,True,,llm_batch,"{""complexity"": ""high"", ""type"": ""task""}","{""allocated_resources"": [], ""attempts"": 0, ""children"": [], ""created_at"": ""2025-12-30T04:18:41.618601+00:00"", ""dependencies"": [], ""description"": ""Implement production rule system and cognitive reasoning capabilities"", ""failure_conditions"": [], ""goal_type"": ""achieve"", ""last_updated"": ""2025-12-30T04:18:41.618605+00:00"", ""max_attempts"": 3, ""metadata"": {}, ""name"": ""implement_cognitive_reasoning"", ""parent"": ""be_helpful_cognitive_assistant"", ""priority"": 0.9, ""progress"": null, ""required_resources"": [], ""status"": ""active"", ""success_conditions"": [], ""tags"": []}",52fd11b5bae020dd18db68e5578b736681eead0a0dd5686f41079f8c9a190019,2a1b0ee86c5c165e3143c81f48ae87666aab0b0ec483c3f45e3c3b9b1d47a596,"{""item"": {""allocated_resources"": [], ""attempts"": 0, ""children"": [], ""created_at"": ""2025-12-30T04:18:41.618601+00:00"", ""dependencies"": [], ""description"": ""Implement production rule system and cognitive reasoning capabilities"", ""failure_conditions"": [], ""goal_type"": ""achieve"", ""last_updated"": ""2025-12-30T04:18:41.618605+00:00"", ""max_attempts"": 3, ""metadata"": {}, ""name"": ""implement_cognitive_reasoning"", ""parent"": ""be_helpful_cognitive_assistant"", ""priority"": 0.9, ""progress"": null, ""required_resources"": [], ""status"": ""active"", ""success_conditions"": [], ""tags"": []}, ""pattern"": {""complexity"": ""high"", ""type"": ""task""}}","{""confidence"": 0.6, ""match"": false}"
2025-12-30T04:19:29.019728+00:00,0f6aa524-e057-40e5-99f3-1881cf0b3157,9,task,False,0.6,False,False,True,True,,llm_batch,"{""complexity"": ""high"", ""type"": ""task""}",{},52fd11b5bae020dd18db68e5578b736681eead0a0dd5686f41079f8c9a190019,44136fa355b3678a1146ad16f7e8649e94fb4fc21fe77e8310c060f61caaff8a,"{""item"": {}, ""pattern"": {""complexity"": ""high"", ""type"": ""task""}}","{""confidence"": 0.6, ""match"": false}"
2025-12-30T04:19:43.063834+00:00,13a189a5-c08d-4d1d-8c05-a10534b9deaf,0,goal,False,0.45,False,False,True,True,,llm_batch,"{""difficulty"": ""high"", ""goal_type"": ""achieve"", ""type"": ""goal""}","{""allocated_resources"": [], ""attempts"": 0, ""children"": [""minimize_cognitive_dissonance"", ""implement_cognitive_reasoning""], ""created_at"": ""2025-12-30T04:18:40.583712+00:00"", ""dependencies"": [], ""description"": ""Be a helpful, capable cognitive assistant that can reason, learn, and solve problems"", ""failure_conditions"": [], ""goal_type"": ""maintain"", ""last_updated"": ""2025-12-30T04:18:40.583716+00:00"", ""max_attempts"": 3, ""metadata"": {}, ""name"": ""be_helpful_cognitive_assistant"", ""parent"": null, ""priority"": 1.0, ""progress"": null, ""required_resources"": [], ""status"": ""active"", ""success_conditions"": [], ""tags"": []}",3a354a53f63865527f8522ef2fdd5f398efff808258b0214cdbe4298c1eee778,272df6591e32ad44f2f18d79cba99e29cba044b6efeec10d49a34e4d2dc5c484,"{""item"": {""allocated_resources"": [], ""attempts"": 0, ""children"": [""minimize_cognitive_dissonance"", ""implement_cognitive_reasoning""], ""created_at"": ""2025-12-30T04:18:40.583712+00:00"", ""dependencies"": [], ""description"": ""Be a helpful, capable cognitive assistant that can reason, learn, and solve problems"", ""failure_conditions"": [], ""goal_type"": ""maintain"", ""last_updated"": ""2025-12-30T04:18:40.583716+00:00"", ""max_attempts"": 3, ""metadata"": {}, ""name"": ""be_helpful_cognitive_assistant"", ""parent"": null, ""priority"": 1.0, ""progress"": null, ""required_resources"": [], ""status"": ""active"", ""success_conditions"": [], ""tags"": []}, ""pattern"": {""difficulty"": ""high"", ""goal_type"": ""achieve"", ""type"": ""goal""}}","{""confidence"": 0.45, ""match"": false}"
2025-12-30T04:19:43.064206+00:00,13a189a5-c08d-4d1d-8c05-a10534b9deaf,1,goal,False,0.4,False,False,True,True,,llm_batch,"{""difficulty"": ""high"", ""goal_type"": ""achieve"", ""type"": ""goal""}","{""allocated_resources"": [], ""attempts"": 0, ""children"": [], ""created_at"": ""2025-12-30T04:18:41.210884+00:00"", ""dependencies"": [], ""description"": ""Maintain alignment with self-model by minimizing cognitive dissonance across all dimensions (logical, factual, behavioral, goal-based)"", ""failure_conditions"": [], ""goal_type"": ""maintain"", ""last_updated"": ""2025-12-30T04:18:41.210889+00:00"", ""max_attempts"": 3, ""metadata"": {}, ""name"": ""minimize_cognitive_dissonance"", ""parent"": ""be_helpful_cognitive_assistant"", ""priority"": 1.0, ""progress"": null, ""required_resources"": [], ""status"": ""active"", ""success_conditions"": [{""operator"": ""<"", ""type"": ""overall_dissonance"", ""value"": 0.2}, {""operator"": ""=="", ""type"": ""no_critical_dissonance"", ""value"": true}], ""tags"": []}",3a354a53f63865527f8522ef2fdd5f398efff808258b0214cdbe4298c1eee778,99c4c3a06625e3153e5212f072aeaff50f01b7cbc03b9b197e68d1981aca86b3,"{""item"": {""allocated_resources"": [], ""attempts"": 0, ""children"": [], ""created_at"": ""2025-12-30T04:18:41.210884+00:00"", ""dependencies"": [], ""description"": ""Maintain alignment with self-model by minimizing cognitive dissonance across all dimensions (logical, factual, behavioral, goal-based)"", ""failure_conditions"": [], ""goal_type"": ""maintain"", ""last_updated"": ""2025-12-30T04:18:41.210889+00:00"", ""max_attempts"": 3, ""metadata"": {}, ""name"": ""minimize_cognitive_dissonance"", ""parent"": ""be_helpful_cognitive_assistant"", ""priority"": 1.0, ""progress"": null, ""required_resources"": [], ""status"": ""active"", ""success_conditions"": [{""operator"": ""<"", ""type"": ""overall_dissonance"", ""value"": 0.2}, {""operator"": ""=="", ""type"": ""no_critical_dissonance"", ""value"": true}], ""tags"": []}, ""pattern"": {""difficulty"": ""high"", ""goal_type"": ""achieve"", ""type"": ""goal""}}","{""confidence"": 0.4, ""match"": false}"
2025-12-30T04:19:43.064606+00:00,13a189a5-c08d-4d1d-8c05-a10534b9deaf,2,goal,False,0.4,False,False,True,True,,llm_batch,"{""difficulty"": ""high"", ""goal_type"": ""achieve"", ""type"": ""goal""}","{""allocated_resources"": [], ""attempts"": 0, ""children"": [], ""created_at"": ""2025-12-30T04:18:41.618601+00:00"", ""dependencies"": [], ""description"": ""Implement production rule system and cognitive reasoning capabilities"", ""failure_conditions"": [], ""goal_type"": ""achieve"", ""last_updated"": ""2025-12-30T04:18:41.618605+00:00"", ""max_attempts"": 3, ""metadata"": {}, ""name"": ""implement_cognitive_reasoning"", ""parent"": ""be_helpful_cognitive_assistant"", ""priority"": 0.9, ""progress"": null, ""required_resources"": [], ""status"": ""active"", ""success_conditions"": [], ""tags"": []}",3a354a53f63865527f8522ef2fdd5f398efff808258b0214cdbe4298c1eee778,2a1b0ee86c5c165e3143c81f48ae87666aab0b0ec483c3f45e3c3b9b1d47a596,"{""item"": {""allocated_resources"": [], ""attempts"": 0, ""children"": [], ""created_at"": ""2025-12-30T04:18:41.618601+00:00"", ""dependencies"": [], ""description"": ""Implement production rule system and cognitive reasoning capabilities"", ""failure_conditions"": [], ""goal_type"": ""achieve"", ""last_updated"": ""2025-12-30T04:18:41.618605+00:00"", ""max_attempts"": 3, ""metadata"": {}, ""name"": ""implement_cognitive_reasoning"", ""parent"": ""be_helpful_cognitive_assistant"", ""priority"": 0.9, ""progress"": null, ""required_resources"": [], ""status"": ""active"", ""success_conditions"": [], ""tags"": []}, ""pattern"": {""difficulty"": ""high"", ""goal_type"": ""achieve"", ""type"": ""goal""}}","{""confidence"": 0.4, ""match"": false}"
2025-12-30T04:19:43.064851+00:00,13a189a5-c08d-4d1d-8c05-a10534b9deaf,3,goal,False,0.3,False,False,True,True,,llm_batch,"{""difficulty"": ""high"", ""goal_type"": ""achieve"", ""type"": ""goal""}",{},3a354a53f63865527f8522ef2fdd5f398efff808258b0214cdbe4298c1eee778,44136fa355b3678a1146ad16f7e8649e94fb4fc21fe77e8310c060f61caaff8a,"{""item"": {}, ""pattern"": {""difficulty"": ""high"", ""goal_type"": ""achieve"", ""type"": ""goal""}}","{""confidence"": 0.3, ""match"": false}"
2025-12-30T04:31:40.178777+00:00,64a3091d-93c9-4e09-9be5-b2413616fdb3,0,goal,False,0.9,False,False,True,True,,llm_batch,"{""name"": ""analyze_codebase"", ""type"": ""goal""}","{""allocated_resources"": [], ""attempts"": 0, ""children"": [""minimize_cognitive_dissonance"", ""implement_cognitive_reasoning""], ""created_at"": ""2025-12-30T04:31:21.088449+00:00"", ""dependencies"": [], ""description"": ""Be a helpful, capable cognitive assistant that can reason, learn, and solve problems"", ""failure_conditions"": [], ""goal_type"": ""maintain"", ""last_updated"": ""2025-12-30T04:31:21.088455+00:00"", ""max_attempts"": 3, ""metadata"": {}, ""name"": ""be_helpful_cognitive_assistant"", ""parent"": null, ""priority"": 1.0, ""progress"": null, ""required_resources"": [], ""status"": ""active"", ""success_conditions"": [], ""tags"": []}",4b7edd1ddf4c3a9a90f9c43b2bf6955f12bf25d68a34f62cff996c0a7c7a1a61,a05c7f34e7980c12980d93bcf9c5723673c5f6d51634140cb46565236668c90c,"{""item"": {""allocated_resources"": [], ""attempts"": 0, ""children"": [""minimize_cognitive_dissonance"", ""implement_cognitive_reasoning""], ""created_at"": ""2025-12-30T04:31:21.088449+00:00"", ""dependencies"": [], ""description"": ""Be a helpful, capable cognitive assistant that can reason, learn, and solve problems"", ""failure_conditions"": [], ""goal_type"": ""maintain"", ""last_updated"": ""2025-12-30T04:31:21.088455+00:00"", ""max_attempts"": 3, ""metadata"": {}, ""name"": ""be_helpful_cognitive_assistant"", ""parent"": null, ""priority"": 1.0, ""progress"": null, ""required_resources"": [], ""status"": ""active"", ""success_conditions"": [], ""tags"": []}, ""pattern"": {""name"": ""analyze_codebase"", ""type"": ""goal""}}","{""confidence"": 0.9, ""match"": false}"
2025-12-30T04:31:40.179002+00:00,64a3091d-93c9-4e09-9be5-b2413616fdb3,1,goal,False,0.9,False,False,True,True,,llm_batch,"{""name"": ""analyze_codebase"", ""type"": ""goal""}","{""allocated_resources"": [], ""attempts"": 0, ""children"": [], ""created_at"": ""2025-12-30T04:31:22.054898+00:00"", ""dependencies"": [], ""description"": ""Maintain alignment with self-model by minimizing cognitive dissonance across all dimensions (logical, factual, behavioral, goal-based)"", ""failure_conditions"": [], ""goal_type"": ""maintain"", ""last_updated"": ""2025-12-30T04:31:22.054903+00:00"", ""max_attempts"": 3, ""metadata"": {}, ""name"": ""minimize_cognitive_dissonance"", ""parent"": ""be_helpful_cognitive_assistant"", ""priority"": 1.0, ""progress"": null, ""required_resources"": [], ""status"": ""active"", ""success_conditions"": [{""operator"": ""<"", ""type"": ""overall_dissonance"", ""value"": 0.2}, {""operator"": ""=="", ""type"": ""no_critical_dissonance"", ""value"": true}], ""tags"": []}",4b7edd1ddf4c3a9a90f9c43b2bf6955f12bf25d68a34f62cff996c0a7c7a1a61,6a9d813659227e913754d16a7258dbe46296e55e882eb576c335093a1a5ca589,"{""item"": {""allocated_resources"": [], ""attempts"": 0, ""children"": [], ""created_at"": ""2025-12-30T04:31:22.054898+00:00"", ""dependencies"": [], ""description"": ""Maintain alignment with self-model by minimizing cognitive dissonance across all dimensions (logical, factual, behavioral, goal-based)"", ""failure_conditions"": [], ""goal_type"": ""maintain"", ""last_updated"": ""2025-12-30T04:31:22.054903+00:00"", ""max_attempts"": 3, ""metadata"": {}, ""name"": ""minimize_cognitive_dissonance"", ""parent"": ""be_helpful_cognitive_assistant"", ""priority"": 1.0, ""progress"": null, ""required_resources"": [], ""status"": ""active"", ""success_conditions"": [{""operator"": ""<"", ""type"": ""overall_dissonance"", ""value"": 0.2}, {""operator"": ""=="", ""type"": ""no_critical_dissonance"", ""value"": true}], ""tags"": []}, ""pattern"": {""name"": ""analyze_codebase"", ""type"": ""goal""}}","{""confidence"": 0.9, ""match"": false}"
2025-12-30T04:31:40.179242+00:00,64a3091d-93c9-4e09-9be5-b2413616fdb3,2,goal,False,0.9,False,False,True,True,,llm_batch,"{""name"": ""analyze_codebase"", ""type"": ""goal""}","{""allocated_resources"": [], ""attempts"": 0, ""children"": [], ""created_at"": ""2025-12-30T04:31:22.568748+00:00"", ""dependencies"": [], ""description"": ""Implement production rule system and cognitive reasoning capabilities"", ""failure_conditions"": [], ""goal_type"": ""achieve"", ""last_updated"": ""2025-12-30T04:31:22.568751+00:00"", ""max_attempts"": 3, ""metadata"": {}, ""name"": ""implement_cognitive_reasoning"", ""parent"": ""be_helpful_cognitive_assistant"", ""priority"": 0.9, ""progress"": null, ""required_resources"": [], ""status"": ""active"", ""success_conditions"": [], ""tags"": []}",4b7edd1ddf4c3a9a90f9c43b2bf6955f12bf25d68a34f62cff996c0a7c7a1a61,732f3171b6290019f1227eb7852f66ee7819afaadb6fccbdc8b1b49182f5566e,"{""item"": {""allocated_resources"": [], ""attempts"": 0, ""children"": [], ""created_at"": ""2025-12-30T04:31:22.568748+00:00"", ""dependencies"": [], ""description"": ""Implement production rule system and cognitive reasoning capabilities"", ""failure_conditions"": [], ""goal_type"": ""achieve"", ""last_updated"": ""2025-12-30T04:31:22.568751+00:00"", ""max_attempts"": 3, ""metadata"": {}, ""name"": ""implement_cognitive_reasoning"", ""parent"": ""be_helpful_cognitive_assistant"", ""priority"": 0.9, ""progress"": null, ""required_resources"": [], ""status"": ""active"", ""success_conditions"": [], ""tags"": []}, ""pattern"": {""name"": ""analyze_codebase"", ""type"": ""goal""}}","{""confidence"": 0.9, ""match"": false}"
2025-12-30T04:31:40.179432+00:00,64a3091d-93c9-4e09-9be5-b2413616fdb3,3,goal,False,0.9,False,False,True,True,,llm_batch,"{""name"": ""analyze_codebase"", ""type"": ""goal""}",{},4b7edd1ddf4c3a9a90f9c43b2bf6955f12bf25d68a34f62cff996c0a7c7a1a61,44136fa355b3678a1146ad16f7e8649e94fb4fc21fe77e8310c060f61caaff8a,"{""item"": {}, ""pattern"": {""name"": ""analyze_codebase"", ""type"": ""goal""}}","{""confidence"": 0.9, ""match"": false}"
2025-12-30T04:31:40.179593+00:00,64a3091d-93c9-4e09-9be5-b2413616fdb3,4,task,False,0.9,False,False,True,True,,llm_batch,"{""domain"": ""code_analysis"", ""type"": ""task""}","{""allocated_resources"": [], ""attempts"": 0, ""children"": [""minimize_cognitive_dissonance"", ""implement_cognitive_reasoning""], ""created_at"": ""2025-12-30T04:31:21.088449+00:00"", ""dependencies"": [], ""description"": ""Be a helpful, capable cognitive assistant that can reason, learn, and solve problems"", ""failure_conditions"": [], ""goal_type"": ""maintain"", ""last_updated"": ""2025-12-30T04:31:21.088455+00:00"", ""max_attempts"": 3, ""metadata"": {}, ""name"": ""be_helpful_cognitive_assistant"", ""parent"": null, ""priority"": 1.0, ""progress"": null, ""required_resources"": [], ""status"": ""active"", ""success_conditions"": [], ""tags"": []}",f9822d6cc7ea26ea4a4803c265a182beaaf26e4d2373283cdde39f139cf97f59,a05c7f34e7980c12980d93bcf9c5723673c5f6d51634140cb46565236668c90c,"{""item"": {""allocated_resources"": [], ""attempts"": 0, ""children"": [""minimize_cognitive_dissonance"", ""implement_cognitive_reasoning""], ""created_at"": ""2025-12-30T04:31:21.088449+00:00"", ""dependencies"": [], ""description"": ""Be a helpful, capable cognitive assistant that can reason, learn, and solve problems"", ""failure_conditions"": [], ""goal_type"": ""maintain"", ""last_updated"": ""2025-12-30T04:31:21.088455+00:00"", ""max_attempts"": 3, ""metadata"": {}, ""name"": ""be_helpful_cognitive_assistant"", ""parent"": null, ""priority"": 1.0, ""progress"": null, ""required_resources"": [], ""status"": ""active"", ""success_conditions"": [], ""tags"": []}, ""pattern"": {""domain"": ""code_analysis"", ""type"": ""task""}}","{""confidence"": 0.9, ""match"": false}"
2025-12-30T04:31:40.179778+00:00,64a3091d-93c9-4e09-9be5-b2413616fdb3,5,task,False,0.9,False,False,True,True,,llm_batch,"{""domain"": ""code_analysis"", ""type"": ""task""}","{""allocated_resources"": [], ""attempts"": 0, ""children"": [], ""created_at"": ""2025-12-30T04:31:22.054898+00:00"", ""dependencies"": [], ""description"": ""Maintain alignment with self-model by minimizing cognitive dissonance across all dimensions (logical, factual, behavioral, goal-based)"", ""failure_conditions"": [], ""goal_type"": ""maintain"", ""last_updated"": ""2025-12-30T04:31:22.054903+00:00"", ""max_attempts"": 3, ""metadata"": {}, ""name"": ""minimize_cognitive_dissonance"", ""parent"": ""be_helpful_cognitive_assistant"", ""priority"": 1.0, ""progress"": null, ""required_resources"": [], ""status"": ""active"", ""success_conditions"": [{""operator"": ""<"", ""type"": ""overall_dissonance"", ""value"": 0.2}, {""operator"": ""=="", ""type"": ""no_critical_dissonance"", ""value"": true}], ""tags"": []}",f9822d6cc7ea26ea4a4803c265a182beaaf26e4d2373283cdde39f139cf97f59,6a9d813659227e913754d16a7258dbe46296e55e882eb576c335093a1a5ca589,"{""item"": {""allocated_resources"": [], ""attempts"": 0, ""children"": [], ""created_at"": ""2025-12-30T04:31:22.054898+00:00"", ""dependencies"": [], ""description"": ""Maintain alignment with self-model by minimizing cognitive dissonance across all dimensions (logical, factual, behavioral, goal-based)"", ""failure_conditions"": [], ""goal_type"": ""maintain"", ""last_updated"": ""2025-12-30T04:31:22.054903+00:00"", ""max_attempts"": 3, ""metadata"": {}, ""name"": ""minimize_cognitive_dissonance"", ""parent"": ""be_helpful_cognitive_assistant"", ""priority"": 1.0, ""progress"": null, ""required_resources"": [], ""status"": ""active"", ""success_conditions"": [{""operator"": ""<"", ""type"": ""overall_dissonance"", ""value"": 0.2}, {""operator"": ""=="", ""type"": ""no_critical_dissonance"", ""value"": true}], ""tags"": []}, ""pattern"": {""domain"": ""code_analysis"", ""type"": ""task""}}","{""confidence"": 0.9, ""match"": false}"
2025-12-30T04:31:40.179980+00:00,64a3091d-93c9-4e09-9be5-b2413616fdb3,6,task,False,0.9,False,False,True,True,,llm_batch,"{""domain"": ""code_analysis"", ""type"": ""task""}","{""allocated_resources"": [], ""attempts"": 0, ""children"": [], ""created_at"": ""2025-12-30T04:31:22.568748+00:00"", ""dependencies"": [], ""description"": ""Implement production rule system and cognitive reasoning capabilities"", ""failure_conditions"": [], ""goal_type"": ""achieve"", ""last_updated"": ""2025-12-30T04:31:22.568751+00:00"", ""max_attempts"": 3, ""metadata"": {}, ""name"": ""implement_cognitive_reasoning"", ""parent"": ""be_helpful_cognitive_assistant"", ""priority"": 0.9, ""progress"": null, ""required_resources"": [], ""status"": ""active"", ""success_conditions"": [], ""tags"": []}",f9822d6cc7ea26ea4a4803c265a182beaaf26e4d2373283cdde39f139cf97f59,732f3171b6290019f1227eb7852f66ee7819afaadb6fccbdc8b1b49182f5566e,"{""item"": {""allocated_resources"": [], ""attempts"": 0, ""children"": [], ""created_at"": ""2025-12-30T04:31:22.568748+00:00"", ""dependencies"": [], ""description"": ""Implement production rule system and cognitive reasoning capabilities"", ""failure_conditions"": [], ""goal_type"": ""achieve"", ""last_updated"": ""2025-12-30T04:31:22.568751+00:00"", ""max_attempts"": 3, ""metadata"": {}, ""name"": ""implement_cognitive_reasoning"", ""parent"": ""be_helpful_cognitive_assistant"", ""priority"": 0.9, ""progress"": null, ""required_resources"": [], ""status"": ""active"", ""success_conditions"": [], ""tags"": []}, ""pattern"": {""domain"": ""code_analysis"", ""type"": ""task""}}","{""confidence"": 0.9, ""match"": false}"
2025-12-30T04:31:40.180177+00:00,64a3091d-93c9-4e09-9be5-b2413616fdb3,7,task,False,0.9,False,False,True,True,,llm_batch,"{""domain"": ""code_analysis"", ""type"": ""task""}",{},f9822d6cc7ea26ea4a4803c265a182beaaf26e4d2373283cdde39f139cf97f59,44136fa355b3678a1146ad16f7e8649e94fb4fc21fe77e8310c060f61caaff8a,"{""item"": {}, ""pattern"": {""domain"": ""code_analysis"", ""type"": ""task""}}","{""confidence"": 0.9, ""match"": false}"
2025-12-30T04:31:40.180352+00:00,64a3091d-93c9-4e09-9be5-b2413616fdb3,8,task,False,0.9,False,False,True,True,,llm_batch,"{""needs_information"": true, ""type"": ""task""}","{""allocated_resources"": [], ""attempts"": 0, ""children"": [""minimize_cognitive_dissonance"", ""implement_cognitive_reasoning""], ""created_at"": ""2025-12-30T04:31:21.088449+00:00"", ""dependencies"": [], ""description"": ""Be a helpful, capable cognitive assistant that can reason, learn, and solve problems"", ""failure_conditions"": [], ""goal_type"": ""maintain"", ""last_updated"": ""2025-12-30T04:31:21.088455+00:00"", ""max_attempts"": 3, ""metadata"": {}, ""name"": ""be_helpful_cognitive_assistant"", ""parent"": null, ""priority"": 1.0, ""progress"": null, ""required_resources"": [], ""status"": ""active"", ""success_conditions"": [], ""tags"": []}",1d90adb7418631158747666cdb2de0b30dfbad7a4a45c978b9eeb4d782494a27,a05c7f34e7980c12980d93bcf9c5723673c5f6d51634140cb46565236668c90c,"{""item"": {""allocated_resources"": [], ""attempts"": 0, ""children"": [""minimize_cognitive_dissonance"", ""implement_cognitive_reasoning""], ""created_at"": ""2025-12-30T04:31:21.088449+00:00"", ""dependencies"": [], ""description"": ""Be a helpful, capable cognitive assistant that can reason, learn, and solve problems"", ""failure_conditions"": [], ""goal_type"": ""maintain"", ""last_updated"": ""2025-12-30T04:31:21.088455+00:00"", ""max_attempts"": 3, ""metadata"": {}, ""name"": ""be_helpful_cognitive_assistant"", ""parent"": null, ""priority"": 1.0, ""progress"": null, ""required_resources"": [], ""status"": ""active"", ""success_conditions"": [], ""tags"": []}, ""pattern"": {""needs_information"": true, ""type"": ""task""}}","{""confidence"": 0.9, ""match"": false}"
2025-12-30T04:31:40.180548+00:00,64a3091d-93c9-4e09-9be5-b2413616fdb3,9,task,False,0.9,False,False,True,True,,llm_batch,"{""needs_information"": true, ""type"": ""task""}","{""allocated_resources"": [], ""attempts"": 0, ""children"": [], ""created_at"": ""2025-12-30T04:31:22.054898+00:00"", ""dependencies"": [], ""description"": ""Maintain alignment with self-model by minimizing cognitive dissonance across all dimensions (logical, factual, behavioral, goal-based)"", ""failure_conditions"": [], ""goal_type"": ""maintain"", ""last_updated"": ""2025-12-30T04:31:22.054903+00:00"", ""max_attempts"": 3, ""metadata"": {}, ""name"": ""minimize_cognitive_dissonance"", ""parent"": ""be_helpful_cognitive_assistant"", ""priority"": 1.0, ""progress"": null, ""required_resources"": [], ""status"": ""active"", ""success_conditions"": [{""operator"": ""<"", ""type"": ""overall_dissonance"", ""value"": 0.2}, {""operator"": ""=="", ""type"": ""no_critical_dissonance"", ""value"": true}], ""tags"": []}",1d90adb7418631158747666cdb2de0b30dfbad7a4a45c978b9eeb4d782494a27,6a9d813659227e913754d16a7258dbe46296e55e882eb576c335093a1a5ca589,"{""item"": {""allocated_resources"": [], ""attempts"": 0, ""children"": [], ""created_at"": ""2025-12-30T04:31:22.054898+00:00"", ""dependencies"": [], ""description"": ""Maintain alignment with self-model by minimizing cognitive dissonance across all dimensions (logical, factual, behavioral, goal-based)"", ""failure_conditions"": [], ""goal_type"": ""maintain"", ""last_updated"": ""2025-12-30T04:31:22.054903+00:00"", ""max_attempts"": 3, ""metadata"": {}, ""name"": ""minimize_cognitive_dissonance"", ""parent"": ""be_helpful_cognitive_assistant"", ""priority"": 1.0, ""progress"": null, ""required_resources"": [], ""status"": ""active"", ""success_conditions"": [{""operator"": ""<"", ""type"": ""overall_dissonance"", ""value"": 0.2}, {""operator"": ""=="", ""type"": ""no_critical_dissonance"", ""value"": true}], ""tags"": []}, ""pattern"": {""needs_information"": true, ""type"": ""task""}}","{""confidence"": 0.9, ""match"": false}"
2025-12-30T04:33:05.887311+00:00,cd677672-4f1f-4db3-b481-5a3df74ce61e,0,goal,False,0.85,False,False,True,True,,llm_batch,"{""name"": ""analyze_codebase"", ""type"": ""goal""}","{""allocated_resources"": [], ""attempts"": 0, ""children"": [""minimize_cognitive_dissonance"", ""implement_cognitive_reasoning""], ""created_at"": ""2025-12-30T04:32:43.110501+00:00"", ""dependencies"": [], ""description"": ""Be a helpful, capable cognitive assistant that can reason, learn, and solve problems"", ""failure_conditions"": [], ""goal_type"": ""maintain"", ""last_updated"": ""2025-12-30T04:32:43.110506+00:00"", ""max_attempts"": 3, ""metadata"": {}, ""name"": ""be_helpful_cognitive_assistant"", ""parent"": null, ""priority"": 1.0, ""progress"": null, ""required_resources"": [], ""status"": ""active"", ""success_conditions"": [], ""tags"": []}",4b7edd1ddf4c3a9a90f9c43b2bf6955f12bf25d68a34f62cff996c0a7c7a1a61,df15a2cbda568dbdbccc1adafbdb0b06a9c4a06c4320802128c13f7c9ab21fec,"{""item"": {""allocated_resources"": [], ""attempts"": 0, ""children"": [""minimize_cognitive_dissonance"", ""implement_cognitive_reasoning""], ""created_at"": ""2025-12-30T04:32:43.110501+00:00"", ""dependencies"": [], ""description"": ""Be a helpful, capable cognitive assistant that can reason, learn, and solve problems"", ""failure_conditions"": [], ""goal_type"": ""maintain"", ""last_updated"": ""2025-12-30T04:32:43.110506+00:00"", ""max_attempts"": 3, ""metadata"": {}, ""name"": ""be_helpful_cognitive_assistant"", ""parent"": null, ""priority"": 1.0, ""progress"": null, ""required_resources"": [], ""status"": ""active"", ""success_conditions"": [], ""tags"": []}, ""pattern"": {""name"": ""analyze_codebase"", ""type"": ""goal""}}","{""confidence"": 0.85, ""match"": false}"
2025-12-30T04:33:05.887578+00:00,cd677672-4f1f-4db3-b481-5a3df74ce61e,1,goal,False,0.85,False,False,True,True,,llm_batch,"{""name"": ""analyze_codebase"", ""type"": ""goal""}","{""allocated_resources"": [], ""attempts"": 0, ""children"": [], ""created_at"": ""2025-12-30T04:32:43.774424+00:00"", ""dependencies"": [], ""description"": ""Maintain alignment with self-model by minimizing cognitive dissonance across all dimensions (logical, factual, behavioral, goal-based)"", ""failure_conditions"": [], ""goal_type"": ""maintain"", ""last_updated"": ""2025-12-30T04:32:43.774428+00:00"", ""max_attempts"": 3, ""metadata"": {}, ""name"": ""minimize_cognitive_dissonance"", ""parent"": ""be_helpful_cognitive_assistant"", ""priority"": 1.0, ""progress"": null, ""required_resources"": [], ""status"": ""active"", ""success_conditions"": [{""operator"": ""<"", ""type"": ""overall_dissonance"", ""value"": 0.2}, {""operator"": ""=="", ""type"": ""no_critical_dissonance"", ""value"": true}], ""tags"": []}",4b7edd1ddf4c3a9a90f9c43b2bf6955f12bf25d68a34f62cff996c0a7c7a1a61,921143399de79ea95c591a2e81603f45ceb833b31c0874b0619c364ca1c4fea1,"{""item"": {""allocated_resources"": [], ""attempts"": 0, ""children"": [], ""created_at"": ""2025-12-30T04:32:43.774424+00:00"", ""dependencies"": [], ""description"": ""Maintain alignment with self-model by minimizing cognitive dissonance across all dimensions (logical, factual, behavioral, goal-based)"", ""failure_conditions"": [], ""goal_type"": ""maintain"", ""last_updated"": ""2025-12-30T04:32:43.774428+00:00"", ""max_attempts"": 3, ""metadata"": {}, ""name"": ""minimize_cognitive_dissonance"", ""parent"": ""be_helpful_cognitive_assistant"", ""priority"": 1.0, ""progress"": null, ""required_resources"": [], ""status"": ""active"", ""success_conditions"": [{""operator"": ""<"", ""type"": ""overall_dissonance"", ""value"": 0.2}, {""operator"": ""=="", ""type"": ""no_critical_dissonance"", ""value"": true}], ""tags"": []}, ""pattern"": {""name"": ""analyze_codebase"", ""type"": ""goal""}}","{""confidence"": 0.85, ""match"": false}"
2025-12-30T04:33:05.887819+00:00,cd677672-4f1f-4db3-b481-5a3df74ce61e,2,goal,False,0.85,False,False,True,True,,llm_batch,"{""name"": ""analyze_codebase"", ""type"": ""goal""}","{""allocated_resources"": [], ""attempts"": 0, ""children"": [], ""created_at"": ""2025-12-30T04:32:44.186196+00:00"", ""dependencies"": [], ""description"": ""Implement production rule system and cognitive reasoning capabilities"", ""failure_conditions"": [], ""goal_type"": ""achieve"", ""last_updated"": ""2025-12-30T04:32:44.186201+00:00"", ""max_attempts"": 3, ""metadata"": {}, ""name"": ""implement_cognitive_reasoning"", ""parent"": ""be_helpful_cognitive_assistant"", ""priority"": 0.9, ""progress"": null, ""required_resources"": [], ""status"": ""active"", ""success_conditions"": [], ""tags"": []}",4b7edd1ddf4c3a9a90f9c43b2bf6955f12bf25d68a34f62cff996c0a7c7a1a61,5539ef3c7503b4e82056fee827ba6abd317b1ddcf136b6f014af588ebcee0867,"{""item"": {""allocated_resources"": [], ""attempts"": 0, ""children"": [], ""created_at"": ""2025-12-30T04:32:44.186196+00:00"", ""dependencies"": [], ""description"": ""Implement production rule system and cognitive reasoning capabilities"", ""failure_conditions"": [], ""goal_type"": ""achieve"", ""last_updated"": ""2025-12-30T04:32:44.186201+00:00"", ""max_attempts"": 3, ""metadata"": {}, ""name"": ""implement_cognitive_reasoning"", ""parent"": ""be_helpful_cognitive_assistant"", ""priority"": 0.9, ""progress"": null, ""required_resources"": [], ""status"": ""active"", ""success_conditions"": [], ""tags"": []}, ""pattern"": {""name"": ""analyze_codebase"", ""type"": ""goal""}}","{""confidence"": 0.85, ""match"": false}"
2025-12-30T04:33:05.888044+00:00,cd677672-4f1f-4db3-b481-5a3df74ce61e,3,goal,False,0.99,False,False,True,True,,llm_batch,"{""name"": ""analyze_codebase"", ""type"": ""goal""}",{},4b7edd1ddf4c3a9a90f9c43b2bf6955f12bf25d68a34f62cff996c0a7c7a1a61,44136fa355b3678a1146ad16f7e8649e94fb4fc21fe77e8310c060f61caaff8a,"{""item"": {}, ""pattern"": {""name"": ""analyze_codebase"", ""type"": ""goal""}}","{""confidence"": 0.99, ""match"": false}"
2025-12-30T04:33:05.888257+00:00,cd677672-4f1f-4db3-b481-5a3df74ce61e,4,task,False,0.75,False,False,True,True,,llm_batch,"{""domain"": ""code_analysis"", ""type"": ""task""}","{""allocated_resources"": [], ""attempts"": 0, ""children"": [""minimize_cognitive_dissonance"", ""implement_cognitive_reasoning""], ""created_at"": ""2025-12-30T04:32:43.110501+00:00"", ""dependencies"": [], ""description"": ""Be a helpful, capable cognitive assistant that can reason, learn, and solve problems"", ""failure_conditions"": [], ""goal_type"": ""maintain"", ""last_updated"": ""2025-12-30T04:32:43.110506+00:00"", ""max_attempts"": 3, ""metadata"": {}, ""name"": ""be_helpful_cognitive_assistant"", ""parent"": null, ""priority"": 1.0, ""progress"": null, ""required_resources"": [], ""status"": ""active"", ""success_conditions"": [], ""tags"": []}",f9822d6cc7ea26ea4a4803c265a182beaaf26e4d2373283cdde39f139cf97f59,df15a2cbda568dbdbccc1adafbdb0b06a9c4a06c4320802128c13f7c9ab21fec,"{""item"": {""allocated_resources"": [], ""attempts"": 0, ""children"": [""minimize_cognitive_dissonance"", ""implement_cognitive_reasoning""], ""created_at"": ""2025-12-30T04:32:43.110501+00:00"", ""dependencies"": [], ""description"": ""Be a helpful, capable cognitive assistant that can reason, learn, and solve problems"", ""failure_conditions"": [], ""goal_type"": ""maintain"", ""last_updated"": ""2025-12-30T04:32:43.110506+00:00"", ""max_attempts"": 3, ""metadata"": {}, ""name"": ""be_helpful_cognitive_assistant"", ""parent"": null, ""priority"": 1.0, ""progress"": null, ""required_resources"": [], ""status"": ""active"", ""success_conditions"": [], ""tags"": []}, ""pattern"": {""domain"": ""code_analysis"", ""type"": ""task""}}","{""confidence"": 0.75, ""match"": false}"
2025-12-30T04:33:05.888469+00:00,cd677672-4f1f-4db3-b481-5a3df74ce61e,5,task,False,0.75,False,False,True,True,,llm_batch,"{""domain"": ""code_analysis"", ""type"": ""task""}","{""allocated_resources"": [], ""attempts"": 0, ""children"": [], ""created_at"": ""2025-12-30T04:32:43.774424+00:00"", ""dependencies"": [], ""description"": ""Maintain alignment with self-model by minimizing cognitive dissonance across all dimensions (logical, factual, behavioral, goal-based)"", ""failure_conditions"": [], ""goal_type"": ""maintain"", ""last_updated"": ""2025-12-30T04:32:43.774428+00:00"", ""max_attempts"": 3, ""metadata"": {}, ""name"": ""minimize_cognitive_dissonance"", ""parent"": ""be_helpful_cognitive_assistant"", ""priority"": 1.0, ""progress"": null, ""required_resources"": [], ""status"": ""active"", ""success_conditions"": [{""operator"": ""<"", ""type"": ""overall_dissonance"", ""value"": 0.2}, {""operator"": ""=="", ""type"": ""no_critical_dissonance"", ""value"": true}], ""tags"": []}",f9822d6cc7ea26ea4a4803c265a182beaaf26e4d2373283cdde39f139cf97f59,921143399de79ea95c591a2e81603f45ceb833b31c0874b0619c364ca1c4fea1,"{""item"": {""allocated_resources"": [], ""attempts"": 0, ""children"": [], ""created_at"": ""2025-12-30T04:32:43.774424+00:00"", ""dependencies"": [], ""description"": ""Maintain alignment with self-model by minimizing cognitive dissonance across all dimensions (logical, factual, behavioral, goal-based)"", ""failure_conditions"": [], ""goal_type"": ""maintain"", ""last_updated"": ""2025-12-30T04:32:43.774428+00:00"", ""max_attempts"": 3, ""metadata"": {}, ""name"": ""minimize_cognitive_dissonance"", ""parent"": ""be_helpful_cognitive_assistant"", ""priority"": 1.0, ""progress"": null, ""required_resources"": [], ""status"": ""active"", ""success_conditions"": [{""operator"": ""<"", ""type"": ""overall_dissonance"", ""value"": 0.2}, {""operator"": ""=="", ""type"": ""no_critical_dissonance"", ""value"": true}], ""tags"": []}, ""pattern"": {""domain"": ""code_analysis"", ""type"": ""task""}}","{""confidence"": 0.75, ""match"": false}"
2025-12-30T04:33:05.888695+00:00,cd677672-4f1f-4db3-b481-5a3df74ce61e,6,task,False,0.75,False,False,True,True,,llm_batch,"{""domain"": ""code_analysis"", ""type"": ""task""}","{""allocated_resources"": [], ""attempts"": 0, ""children"": [], ""created_at"": ""2025-12-30T04:32:44.186196+00:00"", ""dependencies"": [], ""description"": ""Implement production rule system and cognitive reasoning capabilities"", ""failure_conditions"": [], ""goal_type"": ""achieve"", ""last_updated"": ""2025-12-30T04:32:44.186201+00:00"", ""max_attempts"": 3, ""metadata"": {}, ""name"": ""implement_cognitive_reasoning"", ""parent"": ""be_helpful_cognitive_assistant"", ""priority"": 0.9, ""progress"": null, ""required_resources"": [], ""status"": ""active"", ""success_conditions"": [], ""tags"": []}",f9822d6cc7ea26ea4a4803c265a182beaaf26e4d2373283cdde39f139cf97f59,5539ef3c7503b4e82056fee827ba6abd317b1ddcf136b6f014af588ebcee0867,"{""item"": {""allocated_resources"": [], ""attempts"": 0, ""children"": [], ""created_at"": ""2025-12-30T04:32:44.186196+00:00"", ""dependencies"": [], ""description"": ""Implement production rule system and cognitive reasoning capabilities"", ""failure_conditions"": [], ""goal_type"": ""achieve"", ""last_updated"": ""2025-12-30T04:32:44.186201+00:00"", ""max_attempts"": 3, ""metadata"": {}, ""name"": ""implement_cognitive_reasoning"", ""parent"": ""be_helpful_cognitive_assistant"", ""priority"": 0.9, ""progress"": null, ""required_resources"": [], ""status"": ""active"", ""success_conditions"": [], ""tags"": []}, ""pattern"": {""domain"": ""code_analysis"", ""type"": ""task""}}","{""confidence"": 0.75, ""match"": false}"
2025-12-30T04:33:05.888943+00:00,cd677672-4f1f-4db3-b481-5a3df74ce61e,7,task,False,0.99,False,False,True,True,,llm_batch,"{""domain"": ""code_analysis"", ""type"": ""task""}",{},f9822d6cc7ea26ea4a4803c265a182beaaf26e4d2373283cdde39f139cf97f59,44136fa355b3678a1146ad16f7e8649e94fb4fc21fe77e8310c060f61caaff8a,"{""item"": {}, ""pattern"": {""domain"": ""code_analysis"", ""type"": ""task""}}","{""confidence"": 0.99, ""match"": false}"
2025-12-30T04:33:05.889193+00:00,cd677672-4f1f-4db3-b481-5a3df74ce61e,8,task,False,0.8,False,False,True,True,,llm_batch,"{""needs_information"": true, ""type"": ""task""}","{""allocated_resources"": [], ""attempts"": 0, ""children"": [""minimize_cognitive_dissonance"", ""implement_cognitive_reasoning""], ""created_at"": ""2025-12-30T04:32:43.110501+00:00"", ""dependencies"": [], ""description"": ""Be a helpful, capable cognitive assistant that can reason, learn, and solve problems"", ""failure_conditions"": [], ""goal_type"": ""maintain"", ""last_updated"": ""2025-12-30T04:32:43.110506+00:00"", ""max_attempts"": 3, ""metadata"": {}, ""name"": ""be_helpful_cognitive_assistant"", ""parent"": null, ""priority"": 1.0, ""progress"": null, ""required_resources"": [], ""status"": ""active"", ""success_conditions"": [], ""tags"": []}",1d90adb7418631158747666cdb2de0b30dfbad7a4a45c978b9eeb4d782494a27,df15a2cbda568dbdbccc1adafbdb0b06a9c4a06c4320802128c13f7c9ab21fec,"{""item"": {""allocated_resources"": [], ""attempts"": 0, ""children"": [""minimize_cognitive_dissonance"", ""implement_cognitive_reasoning""], ""created_at"": ""2025-12-30T04:32:43.110501+00:00"", ""dependencies"": [], ""description"": ""Be a helpful, capable cognitive assistant that can reason, learn, and solve problems"", ""failure_conditions"": [], ""goal_type"": ""maintain"", ""last_updated"": ""2025-12-30T04:32:43.110506+00:00"", ""max_attempts"": 3, ""metadata"": {}, ""name"": ""be_helpful_cognitive_assistant"", ""parent"": null, ""priority"": 1.0, ""progress"": null, ""required_resources"": [], ""status"": ""active"", ""success_conditions"": [], ""tags"": []}, ""pattern"": {""needs_information"": true, ""type"": ""task""}}","{""confidence"": 0.8, ""match"": false}"
2025-12-30T04:33:05.889590+00:00,cd677672-4f1f-4db3-b481-5a3df74ce61e,9,task,False,0.8,False,False,True,True,,llm_batch,"{""needs_information"": true, ""type"": ""task""}","{""allocated_resources"": [], ""attempts"": 0, ""children"": [], ""created_at"": ""2025-12-30T04:32:43.774424+00:00"", ""dependencies"": [], ""description"": ""Maintain alignment with self-model by minimizing cognitive dissonance across all dimensions (logical, factual, behavioral, goal-based)"", ""failure_conditions"": [], ""goal_type"": ""maintain"", ""last_updated"": ""2025-12-30T04:32:43.774428+00:00"", ""max_attempts"": 3, ""metadata"": {}, ""name"": ""minimize_cognitive_dissonance"", ""parent"": ""be_helpful_cognitive_assistant"", ""priority"": 1.0, ""progress"": null, ""required_resources"": [], ""status"": ""active"", ""success_conditions"": [{""operator"": ""<"", ""type"": ""overall_dissonance"", ""value"": 0.2}, {""operator"": ""=="", ""type"": ""no_critical_dissonance"", ""value"": true}], ""tags"": []}",1d90adb7418631158747666cdb2de0b30dfbad7a4a45c978b9eeb4d782494a27,921143399de79ea95c591a2e81603f45ceb833b31c0874b0619c364ca1c4fea1,"{""item"": {""allocated_resources"": [], ""attempts"": 0, ""children"": [], ""created_at"": ""2025-12-30T04:32:43.774424+00:00"", ""dependencies"": [], ""description"": ""Maintain alignment with self-model by minimizing cognitive dissonance across all dimensions (logical, factual, behavioral, goal-based)"", ""failure_conditions"": [], ""goal_type"": ""maintain"", ""last_updated"": ""2025-12-30T04:32:43.774428+00:00"", ""max_attempts"": 3, ""metadata"": {}, ""name"": ""minimize_cognitive_dissonance"", ""parent"": ""be_helpful_cognitive_assistant"", ""priority"": 1.0, ""progress"": null, ""required_resources"": [], ""status"": ""active"", ""success_conditions"": [{""operator"": ""<"", ""type"": ""overall_dissonance"", ""value"": 0.2}, {""operator"": ""=="", ""type"": ""no_critical_dissonance"", ""value"": true}], ""tags"": []}, ""pattern"": {""needs_information"": true, ""type"": ""task""}}","{""confidence"": 0.8, ""match"": false}"
2025-12-30T04:33:57.651872+00:00,9d8694b4-51c5-4af4-ad2b-6ec1abcfd67f,0,goal,False,0.6,False,False,True,True,,llm_batch,"{""name"": ""analyze_codebase"", ""type"": ""goal""}","{""allocated_resources"": [], ""attempts"": 0, ""children"": [""minimize_cognitive_dissonance"", ""implement_cognitive_reasoning""], ""created_at"": ""2025-12-30T04:33:39.644984+00:00"", ""dependencies"": [], ""description"": ""Be a helpful, capable cognitive assistant that can reason, learn, and solve problems"", ""failure_conditions"": [], ""goal_type"": ""maintain"", ""last_updated"": ""2025-12-30T04:33:39.644989+00:00"", ""max_attempts"": 3, ""metadata"": {}, ""name"": ""be_helpful_cognitive_assistant"", ""parent"": null, ""priority"": 1.0, ""progress"": null, ""required_resources"": [], ""status"": ""active"", ""success_conditions"": [], ""tags"": []}",4b7edd1ddf4c3a9a90f9c43b2bf6955f12bf25d68a34f62cff996c0a7c7a1a61,5bd566154765a6686c006737d44a3c83c8f28bf4185708eb5bc04133556c501e,"{""item"": {""allocated_resources"": [], ""attempts"": 0, ""children"": [""minimize_cognitive_dissonance"", ""implement_cognitive_reasoning""], ""created_at"": ""2025-12-30T04:33:39.644984+00:00"", ""dependencies"": [], ""description"": ""Be a helpful, capable cognitive assistant that can reason, learn, and solve problems"", ""failure_conditions"": [], ""goal_type"": ""maintain"", ""last_updated"": ""2025-12-30T04:33:39.644989+00:00"", ""max_attempts"": 3, ""metadata"": {}, ""name"": ""be_helpful_cognitive_assistant"", ""parent"": null, ""priority"": 1.0, ""progress"": null, ""required_resources"": [], ""status"": ""active"", ""success_conditions"": [], ""tags"": []}, ""pattern"": {""name"": ""analyze_codebase"", ""type"": ""goal""}}","{""confidence"": 0.6, ""match"": false}"
2025-12-30T04:33:57.652093+00:00,9d8694b4-51c5-4af4-ad2b-6ec1abcfd67f,1,goal,False,0.6,False,False,True,True,,llm_batch,"{""name"": ""analyze_codebase"", ""type"": ""goal""}","{""allocated_resources"": [], ""attempts"": 0, ""children"": [], ""created_at"": ""2025-12-30T04:33:40.300482+00:00"", ""dependencies"": [], ""description"": ""Maintain alignment with self-model by minimizing cognitive dissonance across all dimensions (logical, factual, behavioral, goal-based)"", ""failure_conditions"": [], ""goal_type"": ""maintain"", ""last_updated"": ""2025-12-30T04:33:40.300487+00:00"", ""max_attempts"": 3, ""metadata"": {}, ""name"": ""minimize_cognitive_dissonance"", ""parent"": ""be_helpful_cognitive_assistant"", ""priority"": 1.0, ""progress"": null, ""required_resources"": [], ""status"": ""active"", ""success_conditions"": [{""operator"": ""<"", ""type"": ""overall_dissonance"", ""value"": 0.2}, {""operator"": ""=="", ""type"": ""no_critical_dissonance"", ""value"": true}], ""tags"": []}",4b7edd1ddf4c3a9a90f9c43b2bf6955f12bf25d68a34f62cff996c0a7c7a1a61,42b2e0af3ba572b64d6f458c4a936f157c25cf155e288e4e9576857b6f005788,"{""item"": {""allocated_resources"": [], ""attempts"": 0, ""children"": [], ""created_at"": ""2025-12-30T04:33:40.300482+00:00"", ""dependencies"": [], ""description"": ""Maintain alignment with self-model by minimizing cognitive dissonance across all dimensions (logical, factual, behavioral, goal-based)"", ""failure_conditions"": [], ""goal_type"": ""maintain"", ""last_updated"": ""2025-12-30T04:33:40.300487+00:00"", ""max_attempts"": 3, ""metadata"": {}, ""name"": ""minimize_cognitive_dissonance"", ""parent"": ""be_helpful_cognitive_assistant"", ""priority"": 1.0, ""progress"": null, ""required_resources"": [], ""status"": ""active"", ""success_conditions"": [{""operator"": ""<"", ""type"": ""overall_dissonance"", ""value"": 0.2}, {""operator"": ""=="", ""type"": ""no_critical_dissonance"", ""value"": true}], ""tags"": []}, ""pattern"": {""name"": ""analyze_codebase"", ""type"": ""goal""}}","{""confidence"": 0.6, ""match"": false}"
2025-12-30T04:33:57.652304+00:00,9d8694b4-51c5-4af4-ad2b-6ec1abcfd67f,2,goal,False,0.6,False,False,True,True,,llm_batch,"{""name"": ""analyze_codebase"", ""type"": ""goal""}","{""allocated_resources"": [], ""attempts"": 0, ""children"": [], ""created_at"": ""2025-12-30T04:33:40.801988+00:00"", ""dependencies"": [], ""description"": ""Implement production rule system and cognitive reasoning capabilities"", ""failure_conditions"": [], ""goal_type"": ""achieve"", ""last_updated"": ""2025-12-30T04:33:40.801992+00:00"", ""max_attempts"": 3, ""metadata"": {}, ""name"": ""implement_cognitive_reasoning"", ""parent"": ""be_helpful_cognitive_assistant"", ""priority"": 0.9, ""progress"": null, ""required_resources"": [], ""status"": ""active"", ""success_conditions"": [], ""tags"": []}",4b7edd1ddf4c3a9a90f9c43b2bf6955f12bf25d68a34f62cff996c0a7c7a1a61,2fc655693ad7f314a7e8ba75135b97ced6483860544b850a81ce429d9dab64bf,"{""item"": {""allocated_resources"": [], ""attempts"": 0, ""children"": [], ""created_at"": ""2025-12-30T04:33:40.801988+00:00"", ""dependencies"": [], ""description"": ""Implement production rule system and cognitive reasoning capabilities"", ""failure_conditions"": [], ""goal_type"": ""achieve"", ""last_updated"": ""2025-12-30T04:33:40.801992+00:00"", ""max_attempts"": 3, ""metadata"": {}, ""name"": ""implement_cognitive_reasoning"", ""parent"": ""be_helpful_cognitive_assistant"", ""priority"": 0.9, ""progress"": null, ""required_resources"": [], ""status"": ""active"", ""success_conditions"": [], ""tags"": []}, ""pattern"": {""name"": ""analyze_codebase"", ""type"": ""goal""}}","{""confidence"": 0.6, ""match"": false}"
2025-12-30T04:33:57.652496+00:00,9d8694b4-51c5-4af4-ad2b-6ec1abcfd67f,3,goal,False,0.6,False,False,True,True,,llm_batch,"{""name"": ""analyze_codebase"", ""type"": ""goal""}",{},4b7edd1ddf4c3a9a90f9c43b2bf6955f12bf25d68a34f62cff996c0a7c7a1a61,44136fa355b3678a1146ad16f7e8649e94fb4fc21fe77e8310c060f61caaff8a,"{""item"": {}, ""pattern"": {""name"": ""analyze_codebase"", ""type"": ""goal""}}","{""confidence"": 0.6, ""match"": false}"
2025-12-30T04:33:57.652681+00:00,9d8694b4-51c5-4af4-ad2b-6ec1abcfd67f,4,task,False,0.6,False,False,True,True,,llm_batch,"{""domain"": ""code_analysis"", ""type"": ""task""}","{""allocated_resources"": [], ""attempts"": 0, ""children"": [""minimize_cognitive_dissonance"", ""implement_cognitive_reasoning""], ""created_at"": ""2025-12-30T04:33:39.644984+00:00"", ""dependencies"": [], ""description"": ""Be a helpful, capable cognitive assistant that can reason, learn, and solve problems"", ""failure_conditions"": [], ""goal_type"": ""maintain"", ""last_updated"": ""2025-12-30T04:33:39.644989+00:00"", ""max_attempts"": 3, ""metadata"": {}, ""name"": ""be_helpful_cognitive_assistant"", ""parent"": null, ""priority"": 1.0, ""progress"": null, ""required_resources"": [], ""status"": ""active"", ""success_conditions"": [], ""tags"": []}",f9822d6cc7ea26ea4a4803c265a182beaaf26e4d2373283cdde39f139cf97f59,5bd566154765a6686c006737d44a3c83c8f28bf4185708eb5bc04133556c501e,"{""item"": {""allocated_resources"": [], ""attempts"": 0, ""children"": [""minimize_cognitive_dissonance"", ""implement_cognitive_reasoning""], ""created_at"": ""2025-12-30T04:33:39.644984+00:00"", ""dependencies"": [], ""description"": ""Be a helpful, capable cognitive assistant that can reason, learn, and solve problems"", ""failure_conditions"": [], ""goal_type"": ""maintain"", ""last_updated"": ""2025-12-30T04:33:39.644989+00:00"", ""max_attempts"": 3, ""metadata"": {}, ""name"": ""be_helpful_cognitive_assistant"", ""parent"": null, ""priority"": 1.0, ""progress"": null, ""required_resources"": [], ""status"": ""active"", ""success_conditions"": [], ""tags"": []}, ""pattern"": {""domain"": ""code_analysis"", ""type"": ""task""}}","{""confidence"": 0.6, ""match"": false}"
2025-12-30T04:33:57.652873+00:00,9d8694b4-51c5-4af4-ad2b-6ec1abcfd67f,5,task,False,0.6,False,False,True,True,,llm_batch,"{""domain"": ""code_analysis"", ""type"": ""task""}","{""allocated_resources"": [], ""attempts"": 0, ""children"": [], ""created_at"": ""2025-12-30T04:33:40.300482+00:00"", ""dependencies"": [], ""description"": ""Maintain alignment with self-model by minimizing cognitive dissonance across all dimensions (logical, factual, behavioral, goal-based)"", ""failure_conditions"": [], ""goal_type"": ""maintain"", ""last_updated"": ""2025-12-30T04:33:40.300487+00:00"", ""max_attempts"": 3, ""metadata"": {}, ""name"": ""minimize_cognitive_dissonance"", ""parent"": ""be_helpful_cognitive_assistant"", ""priority"": 1.0, ""progress"": null, ""required_resources"": [], ""status"": ""active"", ""success_conditions"": [{""operator"": ""<"", ""type"": ""overall_dissonance"", ""value"": 0.2}, {""operator"": ""=="", ""type"": ""no_critical_dissonance"", ""value"": true}], ""tags"": []}",f9822d6cc7ea26ea4a4803c265a182beaaf26e4d2373283cdde39f139cf97f59,42b2e0af3ba572b64d6f458c4a936f157c25cf155e288e4e9576857b6f005788,"{""item"": {""allocated_resources"": [], ""attempts"": 0, ""children"": [], ""created_at"": ""2025-12-30T04:33:40.300482+00:00"", ""dependencies"": [], ""description"": ""Maintain alignment with self-model by minimizing cognitive dissonance across all dimensions (logical, factual, behavioral, goal-based)"", ""failure_conditions"": [], ""goal_type"": ""maintain"", ""last_updated"": ""2025-12-30T04:33:40.300487+00:00"", ""max_attempts"": 3, ""metadata"": {}, ""name"": ""minimize_cognitive_dissonance"", ""parent"": ""be_helpful_cognitive_assistant"", ""priority"": 1.0, ""progress"": null, ""required_resources"": [], ""status"": ""active"", ""success_conditions"": [{""operator"": ""<"", ""type"": ""overall_dissonance"", ""value"": 0.2}, {""operator"": ""=="", ""type"": ""no_critical_dissonance"", ""value"": true}], ""tags"": []}, ""pattern"": {""domain"": ""code_analysis"", ""type"": ""task""}}","{""confidence"": 0.6, ""match"": false}"
2025-12-30T04:33:57.653057+00:00,9d8694b4-51c5-4af4-ad2b-6ec1abcfd67f,6,task,False,0.6,False,False,True,True,,llm_batch,"{""domain"": ""code_analysis"", ""type"": ""task""}","{""allocated_resources"": [], ""attempts"": 0, ""children"": [], ""created_at"": ""2025-12-30T04:33:40.801988+00:00"", ""dependencies"": [], ""description"": ""Implement production rule system and cognitive reasoning capabilities"", ""failure_conditions"": [], ""goal_type"": ""achieve"", ""last_updated"": ""2025-12-30T04:33:40.801992+00:00"", ""max_attempts"": 3, ""metadata"": {}, ""name"": ""implement_cognitive_reasoning"", ""parent"": ""be_helpful_cognitive_assistant"", ""priority"": 0.9, ""progress"": null, ""required_resources"": [], ""status"": ""active"", ""success_conditions"": [], ""tags"": []}",f9822d6cc7ea26ea4a4803c265a182beaaf26e4d2373283cdde39f139cf97f59,2fc655693ad7f314a7e8ba75135b97ced6483860544b850a81ce429d9dab64bf,"{""item"": {""allocated_resources"": [], ""attempts"": 0, ""children"": [], ""created_at"": ""2025-12-30T04:33:40.801988+00:00"", ""dependencies"": [], ""description"": ""Implement production rule system and cognitive reasoning capabilities"", ""failure_conditions"": [], ""goal_type"": ""achieve"", ""last_updated"": ""2025-12-30T04:33:40.801992+00:00"", ""max_attempts"": 3, ""metadata"": {}, ""name"": ""implement_cognitive_reasoning"", ""parent"": ""be_helpful_cognitive_assistant"", ""priority"": 0.9, ""progress"": null, ""required_resources"": [], ""status"": ""active"", ""success_conditions"": [], ""tags"": []}, ""pattern"": {""domain"": ""code_analysis"", ""type"": ""task""}}","{""confidence"": 0.6, ""match"": false}"
2025-12-30T04:33:57.653243+00:00,9d8694b4-51c5-4af4-ad2b-6ec1abcfd67f,7,task,False,0.6,False,False,True,True,,llm_batch,"{""domain"": ""code_analysis"", ""type"": ""task""}",{},f9822d6cc7ea26ea4a4803c265a182beaaf26e4d2373283cdde39f139cf97f59,44136fa355b3678a1146ad16f7e8649e94fb4fc21fe77e8310c060f61caaff8a,"{""item"": {}, ""pattern"": {""domain"": ""code_analysis"", ""type"": ""task""}}","{""confidence"": 0.6, ""match"": false}"
2025-12-30T04:33:57.653399+00:00,9d8694b4-51c5-4af4-ad2b-6ec1abcfd67f,8,task,False,0.6,False,False,True,True,,llm_batch,"{""needs_information"": true, ""type"": ""task""}","{""allocated_resources"": [], ""attempts"": 0, ""children"": [""minimize_cognitive_dissonance"", ""implement_cognitive_reasoning""], ""created_at"": ""2025-12-30T04:33:39.644984+00:00"", ""dependencies"": [], ""description"": ""Be a helpful, capable cognitive assistant that can reason, learn, and solve problems"", ""failure_conditions"": [], ""goal_type"": ""maintain"", ""last_updated"": ""2025-12-30T04:33:39.644989+00:00"", ""max_attempts"": 3, ""metadata"": {}, ""name"": ""be_helpful_cognitive_assistant"", ""parent"": null, ""priority"": 1.0, ""progress"": null, ""required_resources"": [], ""status"": ""active"", ""success_conditions"": [], ""tags"": []}",1d90adb7418631158747666cdb2de0b30dfbad7a4a45c978b9eeb4d782494a27,5bd566154765a6686c006737d44a3c83c8f28bf4185708eb5bc04133556c501e,"{""item"": {""allocated_resources"": [], ""attempts"": 0, ""children"": [""minimize_cognitive_dissonance"", ""implement_cognitive_reasoning""], ""created_at"": ""2025-12-30T04:33:39.644984+00:00"", ""dependencies"": [], ""description"": ""Be a helpful, capable cognitive assistant that can reason, learn, and solve problems"", ""failure_conditions"": [], ""goal_type"": ""maintain"", ""last_updated"": ""2025-12-30T04:33:39.644989+00:00"", ""max_attempts"": 3, ""metadata"": {}, ""name"": ""be_helpful_cognitive_assistant"", ""parent"": null, ""priority"": 1.0, ""progress"": null, ""required_resources"": [], ""status"": ""active"", ""success_conditions"": [], ""tags"": []}, ""pattern"": {""needs_information"": true, ""type"": ""task""}}","{""confidence"": 0.6, ""match"": false}"
2025-12-30T04:33:57.653580+00:00,9d8694b4-51c5-4af4-ad2b-6ec1abcfd67f,9,task,False,0.6,False,False,True,True,,llm_batch,"{""needs_information"": true, ""type"": ""task""}","{""allocated_resources"": [], ""attempts"": 0, ""children"": [], ""created_at"": ""2025-12-30T04:33:40.300482+00:00"", ""dependencies"": [], ""description"": ""Maintain alignment with self-model by minimizing cognitive dissonance across all dimensions (logical, factual, behavioral, goal-based)"", ""failure_conditions"": [], ""goal_type"": ""maintain"", ""last_updated"": ""2025-12-30T04:33:40.300487+00:00"", ""max_attempts"": 3, ""metadata"": {}, ""name"": ""minimize_cognitive_dissonance"", ""parent"": ""be_helpful_cognitive_assistant"", ""priority"": 1.0, ""progress"": null, ""required_resources"": [], ""status"": ""active"", ""success_conditions"": [{""operator"": ""<"", ""type"": ""overall_dissonance"", ""value"": 0.2}, {""operator"": ""=="", ""type"": ""no_critical_dissonance"", ""value"": true}], ""tags"": []}",1d90adb7418631158747666cdb2de0b30dfbad7a4a45c978b9eeb4d782494a27,42b2e0af3ba572b64d6f458c4a936f157c25cf155e288e4e9576857b6f005788,"{""item"": {""allocated_resources"": [], ""attempts"": 0, ""children"": [], ""created_at"": ""2025-12-30T04:33:40.300482+00:00"", ""dependencies"": [], ""description"": ""Maintain alignment with self-model by minimizing cognitive dissonance across all dimensions (logical, factual, behavioral, goal-based)"", ""failure_conditions"": [], ""goal_type"": ""maintain"", ""last_updated"": ""2025-12-30T04:33:40.300487+00:00"", ""max_attempts"": 3, ""metadata"": {}, ""name"": ""minimize_cognitive_dissonance"", ""parent"": ""be_helpful_cognitive_assistant"", ""priority"": 1.0, ""progress"": null, ""required_resources"": [], ""status"": ""active"", ""success_conditions"": [{""operator"": ""<"", ""type"": ""overall_dissonance"", ""value"": 0.2}, {""operator"": ""=="", ""type"": ""no_critical_dissonance"", ""value"": true}], ""tags"": []}, ""pattern"": {""needs_information"": true, ""type"": ""task""}}","{""confidence"": 0.6, ""match"": false}"
2025-12-30T04:34:42.145988+00:00,093722e2-ef6e-47d6-a6e2-2c92bef52268,0,goal,False,0.85,False,False,True,True,,llm_batch,"{""name"": ""analyze_codebase"", ""type"": ""goal""}","{""allocated_resources"": [], ""attempts"": 0, ""children"": [""minimize_cognitive_dissonance"", ""implement_cognitive_reasoning""], ""created_at"": ""2025-12-30T04:34:25.392206+00:00"", ""dependencies"": [], ""description"": ""Be a helpful, capable cognitive assistant that can reason, learn, and solve problems"", ""failure_conditions"": [], ""goal_type"": ""maintain"", ""last_updated"": ""2025-12-30T04:34:25.392211+00:00"", ""max_attempts"": 3, ""metadata"": {}, ""name"": ""be_helpful_cognitive_assistant"", ""parent"": null, ""priority"": 1.0, ""progress"": null, ""required_resources"": [], ""status"": ""active"", ""success_conditions"": [], ""tags"": []}",4b7edd1ddf4c3a9a90f9c43b2bf6955f12bf25d68a34f62cff996c0a7c7a1a61,8df2f472fa631e2246c517634f6aac1ec10325f46c6464646f12b1b00eaa8b3c,"{""item"": {""allocated_resources"": [], ""attempts"": 0, ""children"": [""minimize_cognitive_dissonance"", ""implement_cognitive_reasoning""], ""created_at"": ""2025-12-30T04:34:25.392206+00:00"", ""dependencies"": [], ""description"": ""Be a helpful, capable cognitive assistant that can reason, learn, and solve problems"", ""failure_conditions"": [], ""goal_type"": ""maintain"", ""last_updated"": ""2025-12-30T04:34:25.392211+00:00"", ""max_attempts"": 3, ""metadata"": {}, ""name"": ""be_helpful_cognitive_assistant"", ""parent"": null, ""priority"": 1.0, ""progress"": null, ""required_resources"": [], ""status"": ""active"", ""success_conditions"": [], ""tags"": []}, ""pattern"": {""name"": ""analyze_codebase"", ""type"": ""goal""}}","{""confidence"": 0.85, ""match"": false}"
2025-12-30T04:34:42.146241+00:00,093722e2-ef6e-47d6-a6e2-2c92bef52268,1,goal,False,0.85,False,False,True,True,,llm_batch,"{""name"": ""analyze_codebase"", ""type"": ""goal""}","{""allocated_resources"": [], ""attempts"": 0, ""children"": [], ""created_at"": ""2025-12-30T04:34:26.068756+00:00"", ""dependencies"": [], ""description"": ""Maintain alignment with self-model by minimizing cognitive dissonance across all dimensions (logical, factual, behavioral, goal-based)"", ""failure_conditions"": [], ""goal_type"": ""maintain"", ""last_updated"": ""2025-12-30T04:34:26.068761+00:00"", ""max_attempts"": 3, ""metadata"": {}, ""name"": ""minimize_cognitive_dissonance"", ""parent"": ""be_helpful_cognitive_assistant"", ""priority"": 1.0, ""progress"": null, ""required_resources"": [], ""status"": ""active"", ""success_conditions"": [{""operator"": ""<"", ""type"": ""overall_dissonance"", ""value"": 0.2}, {""operator"": ""=="", ""type"": ""no_critical_dissonance"", ""value"": true}], ""tags"": []}",4b7edd1ddf4c3a9a90f9c43b2bf6955f12bf25d68a34f62cff996c0a7c7a1a61,fdfaf1ee3a63f2b7f5a6ec45b83058a0c96ae27ab2012c433572c4dd8d4538cb,"{""item"": {""allocated_resources"": [], ""attempts"": 0, ""children"": [], ""created_at"": ""2025-12-30T04:34:26.068756+00:00"", ""dependencies"": [], ""description"": ""Maintain alignment with self-model by minimizing cognitive dissonance across all dimensions (logical, factual, behavioral, goal-based)"", ""failure_conditions"": [], ""goal_type"": ""maintain"", ""last_updated"": ""2025-12-30T04:34:26.068761+00:00"", ""max_attempts"": 3, ""metadata"": {}, ""name"": ""minimize_cognitive_dissonance"", ""parent"": ""be_helpful_cognitive_assistant"", ""priority"": 1.0, ""progress"": null, ""required_resources"": [], ""status"": ""active"", ""success_conditions"": [{""operator"": ""<"", ""type"": ""overall_dissonance"", ""value"": 0.2}, {""operator"": ""=="", ""type"": ""no_critical_dissonance"", ""value"": true}], ""tags"": []}, ""pattern"": {""name"": ""analyze_codebase"", ""type"": ""goal""}}","{""confidence"": 0.85, ""match"": false}"
2025-12-30T04:34:42.146468+00:00,093722e2-ef6e-47d6-a6e2-2c92bef52268,2,goal,False,0.85,False,False,True,True,,llm_batch,"{""name"": ""analyze_codebase"", ""type"": ""goal""}","{""allocated_resources"": [], ""attempts"": 0, ""children"": [], ""created_at"": ""2025-12-30T04:34:26.482596+00:00"", ""dependencies"": [], ""description"": ""Implement production rule system and cognitive reasoning capabilities"", ""failure_conditions"": [], ""goal_type"": ""achieve"", ""last_updated"": ""2025-12-30T04:34:26.482599+00:00"", ""max_attempts"": 3, ""metadata"": {}, ""name"": ""implement_cognitive_reasoning"", ""parent"": ""be_helpful_cognitive_assistant"", ""priority"": 0.9, ""progress"": null, ""required_resources"": [], ""status"": ""active"", ""success_conditions"": [], ""tags"": []}",4b7edd1ddf4c3a9a90f9c43b2bf6955f12bf25d68a34f62cff996c0a7c7a1a61,ec3efdb5cbaa3cd6edce84e67fe1d89e4cfe2c52ac590a1983989627f2ffd03f,"{""item"": {""allocated_resources"": [], ""attempts"": 0, ""children"": [], ""created_at"": ""2025-12-30T04:34:26.482596+00:00"", ""dependencies"": [], ""description"": ""Implement production rule system and cognitive reasoning capabilities"", ""failure_conditions"": [], ""goal_type"": ""achieve"", ""last_updated"": ""2025-12-30T04:34:26.482599+00:00"", ""max_attempts"": 3, ""metadata"": {}, ""name"": ""implement_cognitive_reasoning"", ""parent"": ""be_helpful_cognitive_assistant"", ""priority"": 0.9, ""progress"": null, ""required_resources"": [], ""status"": ""active"", ""success_conditions"": [], ""tags"": []}, ""pattern"": {""name"": ""analyze_codebase"", ""type"": ""goal""}}","{""confidence"": 0.85, ""match"": false}"
2025-12-30T04:34:42.146665+00:00,093722e2-ef6e-47d6-a6e2-2c92bef52268,3,goal,False,0.85,False,False,True,True,,llm_batch,"{""name"": ""analyze_codebase"", ""type"": ""goal""}",{},4b7edd1ddf4c3a9a90f9c43b2bf6955f12bf25d68a34f62cff996c0a7c7a1a61,44136fa355b3678a1146ad16f7e8649e94fb4fc21fe77e8310c060f61caaff8a,"{""item"": {}, ""pattern"": {""name"": ""analyze_codebase"", ""type"": ""goal""}}","{""confidence"": 0.85, ""match"": false}"
2025-12-30T04:34:42.146850+00:00,093722e2-ef6e-47d6-a6e2-2c92bef52268,4,task,False,0.85,False,False,True,True,,llm_batch,"{""domain"": ""code_analysis"", ""type"": ""task""}","{""allocated_resources"": [], ""attempts"": 0, ""children"": [""minimize_cognitive_dissonance"", ""implement_cognitive_reasoning""], ""created_at"": ""2025-12-30T04:34:25.392206+00:00"", ""dependencies"": [], ""description"": ""Be a helpful, capable cognitive assistant that can reason, learn, and solve problems"", ""failure_conditions"": [], ""goal_type"": ""maintain"", ""last_updated"": ""2025-12-30T04:34:25.392211+00:00"", ""max_attempts"": 3, ""metadata"": {}, ""name"": ""be_helpful_cognitive_assistant"", ""parent"": null, ""priority"": 1.0, ""progress"": null, ""required_resources"": [], ""status"": ""active"", ""success_conditions"": [], ""tags"": []}",f9822d6cc7ea26ea4a4803c265a182beaaf26e4d2373283cdde39f139cf97f59,8df2f472fa631e2246c517634f6aac1ec10325f46c6464646f12b1b00eaa8b3c,"{""item"": {""allocated_resources"": [], ""attempts"": 0, ""children"": [""minimize_cognitive_dissonance"", ""implement_cognitive_reasoning""], ""created_at"": ""2025-12-30T04:34:25.392206+00:00"", ""dependencies"": [], ""description"": ""Be a helpful, capable cognitive assistant that can reason, learn, and solve problems"", ""failure_conditions"": [], ""goal_type"": ""maintain"", ""last_updated"": ""2025-12-30T04:34:25.392211+00:00"", ""max_attempts"": 3, ""metadata"": {}, ""name"": ""be_helpful_cognitive_assistant"", ""parent"": null, ""priority"": 1.0, ""progress"": null, ""required_resources"": [], ""status"": ""active"", ""success_conditions"": [], ""tags"": []}, ""pattern"": {""domain"": ""code_analysis"", ""type"": ""task""}}","{""confidence"": 0.85, ""match"": false}"
2025-12-30T04:34:42.147061+00:00,093722e2-ef6e-47d6-a6e2-2c92bef52268,5,task,False,0.85,False,False,True,True,,llm_batch,"{""domain"": ""code_analysis"", ""type"": ""task""}","{""allocated_resources"": [], ""attempts"": 0, ""children"": [], ""created_at"": ""2025-12-30T04:34:26.068756+00:00"", ""dependencies"": [], ""description"": ""Maintain alignment with self-model by minimizing cognitive dissonance across all dimensions (logical, factual, behavioral, goal-based)"", ""failure_conditions"": [], ""goal_type"": ""maintain"", ""last_updated"": ""2025-12-30T04:34:26.068761+00:00"", ""max_attempts"": 3, ""metadata"": {}, ""name"": ""minimize_cognitive_dissonance"", ""parent"": ""be_helpful_cognitive_assistant"", ""priority"": 1.0, ""progress"": null, ""required_resources"": [], ""status"": ""active"", ""success_conditions"": [{""operator"": ""<"", ""type"": ""overall_dissonance"", ""value"": 0.2}, {""operator"": ""=="", ""type"": ""no_critical_dissonance"", ""value"": true}], ""tags"": []}",f9822d6cc7ea26ea4a4803c265a182beaaf26e4d2373283cdde39f139cf97f59,fdfaf1ee3a63f2b7f5a6ec45b83058a0c96ae27ab2012c433572c4dd8d4538cb,"{""item"": {""allocated_resources"": [], ""attempts"": 0, ""children"": [], ""created_at"": ""2025-12-30T04:34:26.068756+00:00"", ""dependencies"": [], ""description"": ""Maintain alignment with self-model by minimizing cognitive dissonance across all dimensions (logical, factual, behavioral, goal-based)"", ""failure_conditions"": [], ""goal_type"": ""maintain"", ""last_updated"": ""2025-12-30T04:34:26.068761+00:00"", ""max_attempts"": 3, ""metadata"": {}, ""name"": ""minimize_cognitive_dissonance"", ""parent"": ""be_helpful_cognitive_assistant"", ""priority"": 1.0, ""progress"": null, ""required_resources"": [], ""status"": ""active"", ""success_conditions"": [{""operator"": ""<"", ""type"": ""overall_dissonance"", ""value"": 0.2}, {""operator"": ""=="", ""type"": ""no_critical_dissonance"", ""value"": true}], ""tags"": []}, ""pattern"": {""domain"": ""code_analysis"", ""type"": ""task""}}","{""confidence"": 0.85, ""match"": false}"
2025-12-30T04:34:42.147287+00:00,093722e2-ef6e-47d6-a6e2-2c92bef52268,6,task,False,0.85,False,False,True,True,,llm_batch,"{""domain"": ""code_analysis"", ""type"": ""task""}","{""allocated_resources"": [], ""attempts"": 0, ""children"": [], ""created_at"": ""2025-12-30T04:34:26.482596+00:00"", ""dependencies"": [], ""description"": ""Implement production rule system and cognitive reasoning capabilities"", ""failure_conditions"": [], ""goal_type"": ""achieve"", ""last_updated"": ""2025-12-30T04:34:26.482599+00:00"", ""max_attempts"": 3, ""metadata"": {}, ""name"": ""implement_cognitive_reasoning"", ""parent"": ""be_helpful_cognitive_assistant"", ""priority"": 0.9, ""progress"": null, ""required_resources"": [], ""status"": ""active"", ""success_conditions"": [], ""tags"": []}",f9822d6cc7ea26ea4a4803c265a182beaaf26e4d2373283cdde39f139cf97f59,ec3efdb5cbaa3cd6edce84e67fe1d89e4cfe2c52ac590a1983989627f2ffd03f,"{""item"": {""allocated_resources"": [], ""attempts"": 0, ""children"": [], ""created_at"": ""2025-12-30T04:34:26.482596+00:00"", ""dependencies"": [], ""description"": ""Implement production rule system and cognitive reasoning capabilities"", ""failure_conditions"": [], ""goal_type"": ""achieve"", ""last_updated"": ""2025-12-30T04:34:26.482599+00:00"", ""max_attempts"": 3, ""metadata"": {}, ""name"": ""implement_cognitive_reasoning"", ""parent"": ""be_helpful_cognitive_assistant"", ""priority"": 0.9, ""progress"": null, ""required_resources"": [], ""status"": ""active"", ""success_conditions"": [], ""tags"": []}, ""pattern"": {""domain"": ""code_analysis"", ""type"": ""task""}}","{""confidence"": 0.85, ""match"": false}"
2025-12-30T04:34:42.147486+00:00,093722e2-ef6e-47d6-a6e2-2c92bef52268,7,task,False,0.85,False,False,True,True,,llm_batch,"{""domain"": ""code_analysis"", ""type"": ""task""}",{},f9822d6cc7ea26ea4a4803c265a182beaaf26e4d2373283cdde39f139cf97f59,44136fa355b3678a1146ad16f7e8649e94fb4fc21fe77e8310c060f61caaff8a,"{""item"": {}, ""pattern"": {""domain"": ""code_analysis"", ""type"": ""task""}}","{""confidence"": 0.85, ""match"": false}"
2025-12-30T04:34:42.147668+00:00,093722e2-ef6e-47d6-a6e2-2c92bef52268,8,task,False,0.75,False,False,True,True,,llm_batch,"{""needs_information"": true, ""type"": ""task""}","{""allocated_resources"": [], ""attempts"": 0, ""children"": [""minimize_cognitive_dissonance"", ""implement_cognitive_reasoning""], ""created_at"": ""2025-12-30T04:34:25.392206+00:00"", ""dependencies"": [], ""description"": ""Be a helpful, capable cognitive assistant that can reason, learn, and solve problems"", ""failure_conditions"": [], ""goal_type"": ""maintain"", ""last_updated"": ""2025-12-30T04:34:25.392211+00:00"", ""max_attempts"": 3, ""metadata"": {}, ""name"": ""be_helpful_cognitive_assistant"", ""parent"": null, ""priority"": 1.0, ""progress"": null, ""required_resources"": [], ""status"": ""active"", ""success_conditions"": [], ""tags"": []}",1d90adb7418631158747666cdb2de0b30dfbad7a4a45c978b9eeb4d782494a27,8df2f472fa631e2246c517634f6aac1ec10325f46c6464646f12b1b00eaa8b3c,"{""item"": {""allocated_resources"": [], ""attempts"": 0, ""children"": [""minimize_cognitive_dissonance"", ""implement_cognitive_reasoning""], ""created_at"": ""2025-12-30T04:34:25.392206+00:00"", ""dependencies"": [], ""description"": ""Be a helpful, capable cognitive assistant that can reason, learn, and solve problems"", ""failure_conditions"": [], ""goal_type"": ""maintain"", ""last_updated"": ""2025-12-30T04:34:25.392211+00:00"", ""max_attempts"": 3, ""metadata"": {}, ""name"": ""be_helpful_cognitive_assistant"", ""parent"": null, ""priority"": 1.0, ""progress"": null, ""required_resources"": [], ""status"": ""active"", ""success_conditions"": [], ""tags"": []}, ""pattern"": {""needs_information"": true, ""type"": ""task""}}","{""confidence"": 0.75, ""match"": false}"
2025-12-30T04:34:42.147874+00:00,093722e2-ef6e-47d6-a6e2-2c92bef52268,9,task,False,0.75,False,False,True,True,,llm_batch,"{""needs_information"": true, ""type"": ""task""}","{""allocated_resources"": [], ""attempts"": 0, ""children"": [], ""created_at"": ""2025-12-30T04:34:26.068756+00:00"", ""dependencies"": [], ""description"": ""Maintain alignment with self-model by minimizing cognitive dissonance across all dimensions (logical, factual, behavioral, goal-based)"", ""failure_conditions"": [], ""goal_type"": ""maintain"", ""last_updated"": ""2025-12-30T04:34:26.068761+00:00"", ""max_attempts"": 3, ""metadata"": {}, ""name"": ""minimize_cognitive_dissonance"", ""parent"": ""be_helpful_cognitive_assistant"", ""priority"": 1.0, ""progress"": null, ""required_resources"": [], ""status"": ""active"", ""success_conditions"": [{""operator"": ""<"", ""type"": ""overall_dissonance"", ""value"": 0.2}, {""operator"": ""=="", ""type"": ""no_critical_dissonance"", ""value"": true}], ""tags"": []}",1d90adb7418631158747666cdb2de0b30dfbad7a4a45c978b9eeb4d782494a27,fdfaf1ee3a63f2b7f5a6ec45b83058a0c96ae27ab2012c433572c4dd8d4538cb,"{""item"": {""allocated_resources"": [], ""attempts"": 0, ""children"": [], ""created_at"": ""2025-12-30T04:34:26.068756+00:00"", ""dependencies"": [], ""description"": ""Maintain alignment with self-model by minimizing cognitive dissonance across all dimensions (logical, factual, behavioral, goal-based)"", ""failure_conditions"": [], ""goal_type"": ""maintain"", ""last_updated"": ""2025-12-30T04:34:26.068761+00:00"", ""max_attempts"": 3, ""metadata"": {}, ""name"": ""minimize_cognitive_dissonance"", ""parent"": ""be_helpful_cognitive_assistant"", ""priority"": 1.0, ""progress"": null, ""required_resources"": [], ""status"": ""active"", ""success_conditions"": [{""operator"": ""<"", ""type"": ""overall_dissonance"", ""value"": 0.2}, {""operator"": ""=="", ""type"": ""no_critical_dissonance"", ""value"": true}], ""tags"": []}, ""pattern"": {""needs_information"": true, ""type"": ""task""}}","{""confidence"": 0.75, ""match"": false}"
2025-12-30T04:35:06.096962+00:00,5206e567-347c-4f9d-ab75-99e1a67efa17,0,task,False,0.55,False,False,True,True,,llm_batch,"{""needs_information"": true, ""type"": ""task""}","{""allocated_resources"": [], ""attempts"": 0, ""children"": [], ""created_at"": ""2025-12-30T04:34:26.482596+00:00"", ""dependencies"": [], ""description"": ""Implement production rule system and cognitive reasoning capabilities"", ""failure_conditions"": [], ""goal_type"": ""achieve"", ""last_updated"": ""2025-12-30T04:34:26.482599+00:00"", ""max_attempts"": 3, ""metadata"": {}, ""name"": ""implement_cognitive_reasoning"", ""parent"": ""be_helpful_cognitive_assistant"", ""priority"": 0.9, ""progress"": null, ""required_resources"": [], ""status"": ""active"", ""success_conditions"": [], ""tags"": []}",1d90adb7418631158747666cdb2de0b30dfbad7a4a45c978b9eeb4d782494a27,ec3efdb5cbaa3cd6edce84e67fe1d89e4cfe2c52ac590a1983989627f2ffd03f,"{""item"": {""allocated_resources"": [], ""attempts"": 0, ""children"": [], ""created_at"": ""2025-12-30T04:34:26.482596+00:00"", ""dependencies"": [], ""description"": ""Implement production rule system and cognitive reasoning capabilities"", ""failure_conditions"": [], ""goal_type"": ""achieve"", ""last_updated"": ""2025-12-30T04:34:26.482599+00:00"", ""max_attempts"": 3, ""metadata"": {}, ""name"": ""implement_cognitive_reasoning"", ""parent"": ""be_helpful_cognitive_assistant"", ""priority"": 0.9, ""progress"": null, ""required_resources"": [], ""status"": ""active"", ""success_conditions"": [], ""tags"": []}, ""pattern"": {""needs_information"": true, ""type"": ""task""}}","{""confidence"": 0.55, ""match"": false}"
2025-12-30T04:35:06.097465+00:00,5206e567-347c-4f9d-ab75-99e1a67efa17,1,task,False,0.5,False,False,True,True,,llm_batch,"{""needs_information"": true, ""type"": ""task""}",{},1d90adb7418631158747666cdb2de0b30dfbad7a4a45c978b9eeb4d782494a27,44136fa355b3678a1146ad16f7e8649e94fb4fc21fe77e8310c060f61caaff8a,"{""item"": {}, ""pattern"": {""needs_information"": true, ""type"": ""task""}}","{""confidence"": 0.5, ""match"": false}"
2025-12-30T04:35:06.097820+00:00,5206e567-347c-4f9d-ab75-99e1a67efa17,2,goal,False,0.55,False,False,True,True,,llm_batch,"{""goal_type"": ""learn"", ""type"": ""goal""}","{""allocated_resources"": [], ""attempts"": 0, ""children"": [""minimize_cognitive_dissonance"", ""implement_cognitive_reasoning""], ""created_at"": ""2025-12-30T04:34:25.392206+00:00"", ""dependencies"": [], ""description"": ""Be a helpful, capable cognitive assistant that can reason, learn, and solve problems"", ""failure_conditions"": [], ""goal_type"": ""maintain"", ""last_updated"": ""2025-12-30T04:34:25.392211+00:00"", ""max_attempts"": 3, ""metadata"": {}, ""name"": ""be_helpful_cognitive_assistant"", ""parent"": null, ""priority"": 1.0, ""progress"": null, ""required_resources"": [], ""status"": ""active"", ""success_conditions"": [], ""tags"": []}",a2f0948a11eaf00a966b19da7a35a0d69332b4d430516d179277be08457f33cf,8df2f472fa631e2246c517634f6aac1ec10325f46c6464646f12b1b00eaa8b3c,"{""item"": {""allocated_resources"": [], ""attempts"": 0, ""children"": [""minimize_cognitive_dissonance"", ""implement_cognitive_reasoning""], ""created_at"": ""2025-12-30T04:34:25.392206+00:00"", ""dependencies"": [], ""description"": ""Be a helpful, capable cognitive assistant that can reason, learn, and solve problems"", ""failure_conditions"": [], ""goal_type"": ""maintain"", ""last_updated"": ""2025-12-30T04:34:25.392211+00:00"", ""max_attempts"": 3, ""metadata"": {}, ""name"": ""be_helpful_cognitive_assistant"", ""parent"": null, ""priority"": 1.0, ""progress"": null, ""required_resources"": [], ""status"": ""active"", ""success_conditions"": [], ""tags"": []}, ""pattern"": {""goal_type"": ""learn"", ""type"": ""goal""}}","{""confidence"": 0.55, ""match"": false}"
2025-12-30T04:35:06.098247+00:00,5206e567-347c-4f9d-ab75-99e1a67efa17,3,goal,False,0.55,False,False,True,True,,llm_batch,"{""goal_type"": ""learn"", ""type"": ""goal""}","{""allocated_resources"": [], ""attempts"": 0, ""children"": [], ""created_at"": ""2025-12-30T04:34:26.068756+00:00"", ""dependencies"": [], ""description"": ""Maintain alignment with self-model by minimizing cognitive dissonance across all dimensions (logical, factual, behavioral, goal-based)"", ""failure_conditions"": [], ""goal_type"": ""maintain"", ""last_updated"": ""2025-12-30T04:34:26.068761+00:00"", ""max_attempts"": 3, ""metadata"": {}, ""name"": ""minimize_cognitive_dissonance"", ""parent"": ""be_helpful_cognitive_assistant"", ""priority"": 1.0, ""progress"": null, ""required_resources"": [], ""status"": ""active"", ""success_conditions"": [{""operator"": ""<"", ""type"": ""overall_dissonance"", ""value"": 0.2}, {""operator"": ""=="", ""type"": ""no_critical_dissonance"", ""value"": true}], ""tags"": []}",a2f0948a11eaf00a966b19da7a35a0d69332b4d430516d179277be08457f33cf,fdfaf1ee3a63f2b7f5a6ec45b83058a0c96ae27ab2012c433572c4dd8d4538cb,"{""item"": {""allocated_resources"": [], ""attempts"": 0, ""children"": [], ""created_at"": ""2025-12-30T04:34:26.068756+00:00"", ""dependencies"": [], ""description"": ""Maintain alignment with self-model by minimizing cognitive dissonance across all dimensions (logical, factual, behavioral, goal-based)"", ""failure_conditions"": [], ""goal_type"": ""maintain"", ""last_updated"": ""2025-12-30T04:34:26.068761+00:00"", ""max_attempts"": 3, ""metadata"": {}, ""name"": ""minimize_cognitive_dissonance"", ""parent"": ""be_helpful_cognitive_assistant"", ""priority"": 1.0, ""progress"": null, ""required_resources"": [], ""status"": ""active"", ""success_conditions"": [{""operator"": ""<"", ""type"": ""overall_dissonance"", ""value"": 0.2}, {""operator"": ""=="", ""type"": ""no_critical_dissonance"", ""value"": true}], ""tags"": []}, ""pattern"": {""goal_type"": ""learn"", ""type"": ""goal""}}","{""confidence"": 0.55, ""match"": false}"
2025-12-30T04:35:06.098568+00:00,5206e567-347c-4f9d-ab75-99e1a67efa17,4,goal,False,0.55,False,False,True,True,,llm_batch,"{""goal_type"": ""learn"", ""type"": ""goal""}","{""allocated_resources"": [], ""attempts"": 0, ""children"": [], ""created_at"": ""2025-12-30T04:34:26.482596+00:00"", ""dependencies"": [], ""description"": ""Implement production rule system and cognitive reasoning capabilities"", ""failure_conditions"": [], ""goal_type"": ""achieve"", ""last_updated"": ""2025-12-30T04:34:26.482599+00:00"", ""max_attempts"": 3, ""metadata"": {}, ""name"": ""implement_cognitive_reasoning"", ""parent"": ""be_helpful_cognitive_assistant"", ""priority"": 0.9, ""progress"": null, ""required_resources"": [], ""status"": ""active"", ""success_conditions"": [], ""tags"": []}",a2f0948a11eaf00a966b19da7a35a0d69332b4d430516d179277be08457f33cf,ec3efdb5cbaa3cd6edce84e67fe1d89e4cfe2c52ac590a1983989627f2ffd03f,"{""item"": {""allocated_resources"": [], ""attempts"": 0, ""children"": [], ""created_at"": ""2025-12-30T04:34:26.482596+00:00"", ""dependencies"": [], ""description"": ""Implement production rule system and cognitive reasoning capabilities"", ""failure_conditions"": [], ""goal_type"": ""achieve"", ""last_updated"": ""2025-12-30T04:34:26.482599+00:00"", ""max_attempts"": 3, ""metadata"": {}, ""name"": ""implement_cognitive_reasoning"", ""parent"": ""be_helpful_cognitive_assistant"", ""priority"": 0.9, ""progress"": null, ""required_resources"": [], ""status"": ""active"", ""success_conditions"": [], ""tags"": []}, ""pattern"": {""goal_type"": ""learn"", ""type"": ""goal""}}","{""confidence"": 0.55, ""match"": false}"
2025-12-30T04:35:06.098835+00:00,5206e567-347c-4f9d-ab75-99e1a67efa17,5,goal,False,0.5,False,False,True,True,,llm_batch,"{""goal_type"": ""learn"", ""type"": ""goal""}",{},a2f0948a11eaf00a966b19da7a35a0d69332b4d430516d179277be08457f33cf,44136fa355b3678a1146ad16f7e8649e94fb4fc21fe77e8310c060f61caaff8a,"{""item"": {}, ""pattern"": {""goal_type"": ""learn"", ""type"": ""goal""}}","{""confidence"": 0.5, ""match"": false}"
2025-12-30T04:35:06.099083+00:00,5206e567-347c-4f9d-ab75-99e1a67efa17,6,task,False,0.55,False,False,True,True,,llm_batch,"{""complexity"": ""high"", ""type"": ""task""}","{""allocated_resources"": [], ""attempts"": 0, ""children"": [""minimize_cognitive_dissonance"", ""implement_cognitive_reasoning""], ""created_at"": ""2025-12-30T04:34:25.392206+00:00"", ""dependencies"": [], ""description"": ""Be a helpful, capable cognitive assistant that can reason, learn, and solve problems"", ""failure_conditions"": [], ""goal_type"": ""maintain"", ""last_updated"": ""2025-12-30T04:34:25.392211+00:00"", ""max_attempts"": 3, ""metadata"": {}, ""name"": ""be_helpful_cognitive_assistant"", ""parent"": null, ""priority"": 1.0, ""progress"": null, ""required_resources"": [], ""status"": ""active"", ""success_conditions"": [], ""tags"": []}",52fd11b5bae020dd18db68e5578b736681eead0a0dd5686f41079f8c9a190019,8df2f472fa631e2246c517634f6aac1ec10325f46c6464646f12b1b00eaa8b3c,"{""item"": {""allocated_resources"": [], ""attempts"": 0, ""children"": [""minimize_cognitive_dissonance"", ""implement_cognitive_reasoning""], ""created_at"": ""2025-12-30T04:34:25.392206+00:00"", ""dependencies"": [], ""description"": ""Be a helpful, capable cognitive assistant that can reason, learn, and solve problems"", ""failure_conditions"": [], ""goal_type"": ""maintain"", ""last_updated"": ""2025-12-30T04:34:25.392211+00:00"", ""max_attempts"": 3, ""metadata"": {}, ""name"": ""be_helpful_cognitive_assistant"", ""parent"": null, ""priority"": 1.0, ""progress"": null, ""required_resources"": [], ""status"": ""active"", ""success_conditions"": [], ""tags"": []}, ""pattern"": {""complexity"": ""high"", ""type"": ""task""}}","{""confidence"": 0.55, ""match"": false}"
2025-12-30T04:35:06.099388+00:00,5206e567-347c-4f9d-ab75-99e1a67efa17,7,task,False,0.55,False,False,True,True,,llm_batch,"{""complexity"": ""high"", ""type"": ""task""}","{""allocated_resources"": [], ""attempts"": 0, ""children"": [], ""created_at"": ""2025-12-30T04:34:26.068756+00:00"", ""dependencies"": [], ""description"": ""Maintain alignment with self-model by minimizing cognitive dissonance across all dimensions (logical, factual, behavioral, goal-based)"", ""failure_conditions"": [], ""goal_type"": ""maintain"", ""last_updated"": ""2025-12-30T04:34:26.068761+00:00"", ""max_attempts"": 3, ""metadata"": {}, ""name"": ""minimize_cognitive_dissonance"", ""parent"": ""be_helpful_cognitive_assistant"", ""priority"": 1.0, ""progress"": null, ""required_resources"": [], ""status"": ""active"", ""success_conditions"": [{""operator"": ""<"", ""type"": ""overall_dissonance"", ""value"": 0.2}, {""operator"": ""=="", ""type"": ""no_critical_dissonance"", ""value"": true}], ""tags"": []}",52fd11b5bae020dd18db68e5578b736681eead0a0dd5686f41079f8c9a190019,fdfaf1ee3a63f2b7f5a6ec45b83058a0c96ae27ab2012c433572c4dd8d4538cb,"{""item"": {""allocated_resources"": [], ""attempts"": 0, ""children"": [], ""created_at"": ""2025-12-30T04:34:26.068756+00:00"", ""dependencies"": [], ""description"": ""Maintain alignment with self-model by minimizing cognitive dissonance across all dimensions (logical, factual, behavioral, goal-based)"", ""failure_conditions"": [], ""goal_type"": ""maintain"", ""last_updated"": ""2025-12-30T04:34:26.068761+00:00"", ""max_attempts"": 3, ""metadata"": {}, ""name"": ""minimize_cognitive_dissonance"", ""parent"": ""be_helpful_cognitive_assistant"", ""priority"": 1.0, ""progress"": null, ""required_resources"": [], ""status"": ""active"", ""success_conditions"": [{""operator"": ""<"", ""type"": ""overall_dissonance"", ""value"": 0.2}, {""operator"": ""=="", ""type"": ""no_critical_dissonance"", ""value"": true}], ""tags"": []}, ""pattern"": {""complexity"": ""high"", ""type"": ""task""}}","{""confidence"": 0.55, ""match"": false}"
2025-12-30T04:35:06.099685+00:00,5206e567-347c-4f9d-ab75-99e1a67efa17,8,task,True,0.8,False,False,True,True,,llm_batch,"{""complexity"": ""high"", ""type"": ""task""}","{""allocated_resources"": [], ""attempts"": 0, ""children"": [], ""created_at"": ""2025-12-30T04:34:26.482596+00:00"", ""dependencies"": [], ""description"": ""Implement production rule system and cognitive reasoning capabilities"", ""failure_conditions"": [], ""goal_type"": ""achieve"", ""last_updated"": ""2025-12-30T04:34:26.482599+00:00"", ""max_attempts"": 3, ""metadata"": {}, ""name"": ""implement_cognitive_reasoning"", ""parent"": ""be_helpful_cognitive_assistant"", ""priority"": 0.9, ""progress"": null, ""required_resources"": [], ""status"": ""active"", ""success_conditions"": [], ""tags"": []}",52fd11b5bae020dd18db68e5578b736681eead0a0dd5686f41079f8c9a190019,ec3efdb5cbaa3cd6edce84e67fe1d89e4cfe2c52ac590a1983989627f2ffd03f,"{""item"": {""allocated_resources"": [], ""attempts"": 0, ""children"": [], ""created_at"": ""2025-12-30T04:34:26.482596+00:00"", ""dependencies"": [], ""description"": ""Implement production rule system and cognitive reasoning capabilities"", ""failure_conditions"": [], ""goal_type"": ""achieve"", ""last_updated"": ""2025-12-30T04:34:26.482599+00:00"", ""max_attempts"": 3, ""metadata"": {}, ""name"": ""implement_cognitive_reasoning"", ""parent"": ""be_helpful_cognitive_assistant"", ""priority"": 0.9, ""progress"": null, ""required_resources"": [], ""status"": ""active"", ""success_conditions"": [], ""tags"": []}, ""pattern"": {""complexity"": ""high"", ""type"": ""task""}}","{""confidence"": 0.8, ""match"": true}"
2025-12-30T04:35:06.099939+00:00,5206e567-347c-4f9d-ab75-99e1a67efa17,9,task,False,0.55,False,False,True,True,,llm_batch,"{""complexity"": ""high"", ""type"": ""task""}",{},52fd11b5bae020dd18db68e5578b736681eead0a0dd5686f41079f8c9a190019,44136fa355b3678a1146ad16f7e8649e94fb4fc21fe77e8310c060f61caaff8a,"{""item"": {}, ""pattern"": {""complexity"": ""high"", ""type"": ""task""}}","{""confidence"": 0.55, ""match"": false}"
2025-12-30T04:35:21.460032+00:00,e0b41831-2419-4423-854c-a75d5fc16d3c,0,goal,False,0.25,False,False,True,True,,llm_batch,"{""difficulty"": ""high"", ""goal_type"": ""achieve"", ""type"": ""goal""}","{""allocated_resources"": [], ""attempts"": 0, ""children"": [""minimize_cognitive_dissonance"", ""implement_cognitive_reasoning""], ""created_at"": ""2025-12-30T04:34:25.392206+00:00"", ""dependencies"": [], ""description"": ""Be a helpful, capable cognitive assistant that can reason, learn, and solve problems"", ""failure_conditions"": [], ""goal_type"": ""maintain"", ""last_updated"": ""2025-12-30T04:34:25.392211+00:00"", ""max_attempts"": 3, ""metadata"": {}, ""name"": ""be_helpful_cognitive_assistant"", ""parent"": null, ""priority"": 1.0, ""progress"": null, ""required_resources"": [], ""status"": ""active"", ""success_conditions"": [], ""tags"": []}",3a354a53f63865527f8522ef2fdd5f398efff808258b0214cdbe4298c1eee778,8df2f472fa631e2246c517634f6aac1ec10325f46c6464646f12b1b00eaa8b3c,"{""item"": {""allocated_resources"": [], ""attempts"": 0, ""children"": [""minimize_cognitive_dissonance"", ""implement_cognitive_reasoning""], ""created_at"": ""2025-12-30T04:34:25.392206+00:00"", ""dependencies"": [], ""description"": ""Be a helpful, capable cognitive assistant that can reason, learn, and solve problems"", ""failure_conditions"": [], ""goal_type"": ""maintain"", ""last_updated"": ""2025-12-30T04:34:25.392211+00:00"", ""max_attempts"": 3, ""metadata"": {}, ""name"": ""be_helpful_cognitive_assistant"", ""parent"": null, ""priority"": 1.0, ""progress"": null, ""required_resources"": [], ""status"": ""active"", ""success_conditions"": [], ""tags"": []}, ""pattern"": {""difficulty"": ""high"", ""goal_type"": ""achieve"", ""type"": ""goal""}}","{""confidence"": 0.25, ""match"": false}"
2025-12-30T04:35:21.460270+00:00,e0b41831-2419-4423-854c-a75d5fc16d3c,1,goal,False,0.25,False,False,True,True,,llm_batch,"{""difficulty"": ""high"", ""goal_type"": ""achieve"", ""type"": ""goal""}","{""allocated_resources"": [], ""attempts"": 0, ""children"": [], ""created_at"": ""2025-12-30T04:34:26.068756+00:00"", ""dependencies"": [], ""description"": ""Maintain alignment with self-model by minimizing cognitive dissonance across all dimensions (logical, factual, behavioral, goal-based)"", ""failure_conditions"": [], ""goal_type"": ""maintain"", ""last_updated"": ""2025-12-30T04:34:26.068761+00:00"", ""max_attempts"": 3, ""metadata"": {}, ""name"": ""minimize_cognitive_dissonance"", ""parent"": ""be_helpful_cognitive_assistant"", ""priority"": 1.0, ""progress"": null, ""required_resources"": [], ""status"": ""active"", ""success_conditions"": [{""operator"": ""<"", ""type"": ""overall_dissonance"", ""value"": 0.2}, {""operator"": ""=="", ""type"": ""no_critical_dissonance"", ""value"": true}], ""tags"": []}",3a354a53f63865527f8522ef2fdd5f398efff808258b0214cdbe4298c1eee778,fdfaf1ee3a63f2b7f5a6ec45b83058a0c96ae27ab2012c433572c4dd8d4538cb,"{""item"": {""allocated_resources"": [], ""attempts"": 0, ""children"": [], ""created_at"": ""2025-12-30T04:34:26.068756+00:00"", ""dependencies"": [], ""description"": ""Maintain alignment with self-model by minimizing cognitive dissonance across all dimensions (logical, factual, behavioral, goal-based)"", ""failure_conditions"": [], ""goal_type"": ""maintain"", ""last_updated"": ""2025-12-30T04:34:26.068761+00:00"", ""max_attempts"": 3, ""metadata"": {}, ""name"": ""minimize_cognitive_dissonance"", ""parent"": ""be_helpful_cognitive_assistant"", ""priority"": 1.0, ""progress"": null, ""required_resources"": [], ""status"": ""active"", ""success_conditions"": [{""operator"": ""<"", ""type"": ""overall_dissonance"", ""value"": 0.2}, {""operator"": ""=="", ""type"": ""no_critical_dissonance"", ""value"": true}], ""tags"": []}, ""pattern"": {""difficulty"": ""high"", ""goal_type"": ""achieve"", ""type"": ""goal""}}","{""confidence"": 0.25, ""match"": false}"
2025-12-30T04:35:21.460468+00:00,e0b41831-2419-4423-854c-a75d5fc16d3c,2,goal,False,0.4,False,False,True,True,,llm_batch,"{""difficulty"": ""high"", ""goal_type"": ""achieve"", ""type"": ""goal""}","{""allocated_resources"": [], ""attempts"": 0, ""children"": [], ""created_at"": ""2025-12-30T04:34:26.482596+00:00"", ""dependencies"": [], ""description"": ""Implement production rule system and cognitive reasoning capabilities"", ""failure_conditions"": [], ""goal_type"": ""achieve"", ""last_updated"": ""2025-12-30T04:34:26.482599+00:00"", ""max_attempts"": 3, ""metadata"": {}, ""name"": ""implement_cognitive_reasoning"", ""parent"": ""be_helpful_cognitive_assistant"", ""priority"": 0.9, ""progress"": null, ""required_resources"": [], ""status"": ""active"", ""success_conditions"": [], ""tags"": []}",3a354a53f63865527f8522ef2fdd5f398efff808258b0214cdbe4298c1eee778,ec3efdb5cbaa3cd6edce84e67fe1d89e4cfe2c52ac590a1983989627f2ffd03f,"{""item"": {""allocated_resources"": [], ""attempts"": 0, ""children"": [], ""created_at"": ""2025-12-30T04:34:26.482596+00:00"", ""dependencies"": [], ""description"": ""Implement production rule system and cognitive reasoning capabilities"", ""failure_conditions"": [], ""goal_type"": ""achieve"", ""last_updated"": ""2025-12-30T04:34:26.482599+00:00"", ""max_attempts"": 3, ""metadata"": {}, ""name"": ""implement_cognitive_reasoning"", ""parent"": ""be_helpful_cognitive_assistant"", ""priority"": 0.9, ""progress"": null, ""required_resources"": [], ""status"": ""active"", ""success_conditions"": [], ""tags"": []}, ""pattern"": {""difficulty"": ""high"", ""goal_type"": ""achieve"", ""type"": ""goal""}}","{""confidence"": 0.4, ""match"": false}"
2025-12-30T04:35:21.460648+00:00,e0b41831-2419-4423-854c-a75d5fc16d3c,3,goal,False,0.1,False,False,True,True,,llm_batch,"{""difficulty"": ""high"", ""goal_type"": ""achieve"", ""type"": ""goal""}",{},3a354a53f63865527f8522ef2fdd5f398efff808258b0214cdbe4298c1eee778,44136fa355b3678a1146ad16f7e8649e94fb4fc21fe77e8310c060f61caaff8a,"{""item"": {}, ""pattern"": {""difficulty"": ""high"", ""goal_type"": ""achieve"", ""type"": ""goal""}}","{""confidence"": 0.1, ""match"": false}"
2025-12-30T04:36:49.123927+00:00,13939bd5-222e-4478-bf1a-a26333e8e9fa,0,goal,False,0.25,False,False,True,True,,llm_batch,"{""name"": ""analyze_codebase"", ""type"": ""goal""}","{""allocated_resources"": [], ""attempts"": 0, ""children"": [""minimize_cognitive_dissonance"", ""implement_cognitive_reasoning""], ""created_at"": ""2025-12-30T04:36:29.734069+00:00"", ""dependencies"": [], ""description"": ""Be a helpful, capable cognitive assistant that can reason, learn, and solve problems"", ""failure_conditions"": [], ""goal_type"": ""maintain"", ""last_updated"": ""2025-12-30T04:36:29.734074+00:00"", ""max_attempts"": 3, ""metadata"": {}, ""name"": ""be_helpful_cognitive_assistant"", ""parent"": null, ""priority"": 1.0, ""progress"": null, ""required_resources"": [], ""status"": ""active"", ""success_conditions"": [], ""tags"": []}",4b7edd1ddf4c3a9a90f9c43b2bf6955f12bf25d68a34f62cff996c0a7c7a1a61,d566cddc603055539826c5e3a8d77f11fd3c07907f06e8e8d6521d2a779d4e6b,"{""item"": {""allocated_resources"": [], ""attempts"": 0, ""children"": [""minimize_cognitive_dissonance"", ""implement_cognitive_reasoning""], ""created_at"": ""2025-12-30T04:36:29.734069+00:00"", ""dependencies"": [], ""description"": ""Be a helpful, capable cognitive assistant that can reason, learn, and solve problems"", ""failure_conditions"": [], ""goal_type"": ""maintain"", ""last_updated"": ""2025-12-30T04:36:29.734074+00:00"", ""max_attempts"": 3, ""metadata"": {}, ""name"": ""be_helpful_cognitive_assistant"", ""parent"": null, ""priority"": 1.0, ""progress"": null, ""required_resources"": [], ""status"": ""active"", ""success_conditions"": [], ""tags"": []}, ""pattern"": {""name"": ""analyze_codebase"", ""type"": ""goal""}}","{""confidence"": 0.25, ""match"": false}"
2025-12-30T04:36:49.124155+00:00,13939bd5-222e-4478-bf1a-a26333e8e9fa,1,goal,False,0.25,False,False,True,True,,llm_batch,"{""name"": ""analyze_codebase"", ""type"": ""goal""}","{""allocated_resources"": [], ""attempts"": 0, ""children"": [], ""created_at"": ""2025-12-30T04:36:30.390411+00:00"", ""dependencies"": [], ""description"": ""Maintain alignment with self-model by minimizing cognitive dissonance across all dimensions (logical, factual, behavioral, goal-based)"", ""failure_conditions"": [], ""goal_type"": ""maintain"", ""last_updated"": ""2025-12-30T04:36:30.390418+00:00"", ""max_attempts"": 3, ""metadata"": {}, ""name"": ""minimize_cognitive_dissonance"", ""parent"": ""be_helpful_cognitive_assistant"", ""priority"": 1.0, ""progress"": null, ""required_resources"": [], ""status"": ""active"", ""success_conditions"": [{""operator"": ""<"", ""type"": ""overall_dissonance"", ""value"": 0.2}, {""operator"": ""=="", ""type"": ""no_critical_dissonance"", ""value"": true}], ""tags"": []}",4b7edd1ddf4c3a9a90f9c43b2bf6955f12bf25d68a34f62cff996c0a7c7a1a61,32642387cd15ac8ca11679f1da8412aad142ab5efdbdca21b73071a8ed7b5196,"{""item"": {""allocated_resources"": [], ""attempts"": 0, ""children"": [], ""created_at"": ""2025-12-30T04:36:30.390411+00:00"", ""dependencies"": [], ""description"": ""Maintain alignment with self-model by minimizing cognitive dissonance across all dimensions (logical, factual, behavioral, goal-based)"", ""failure_conditions"": [], ""goal_type"": ""maintain"", ""last_updated"": ""2025-12-30T04:36:30.390418+00:00"", ""max_attempts"": 3, ""metadata"": {}, ""name"": ""minimize_cognitive_dissonance"", ""parent"": ""be_helpful_cognitive_assistant"", ""priority"": 1.0, ""progress"": null, ""required_resources"": [], ""status"": ""active"", ""success_conditions"": [{""operator"": ""<"", ""type"": ""overall_dissonance"", ""value"": 0.2}, {""operator"": ""=="", ""type"": ""no_critical_dissonance"", ""value"": true}], ""tags"": []}, ""pattern"": {""name"": ""analyze_codebase"", ""type"": ""goal""}}","{""confidence"": 0.25, ""match"": false}"
2025-12-30T04:36:49.124363+00:00,13939bd5-222e-4478-bf1a-a26333e8e9fa,2,goal,False,0.25,False,False,True,True,,llm_batch,"{""name"": ""analyze_codebase"", ""type"": ""goal""}","{""allocated_resources"": [], ""attempts"": 0, ""children"": [], ""created_at"": ""2025-12-30T04:36:31.002732+00:00"", ""dependencies"": [], ""description"": ""Implement production rule system and cognitive reasoning capabilities"", ""failure_conditions"": [], ""goal_type"": ""achieve"", ""last_updated"": ""2025-12-30T04:36:31.002737+00:00"", ""max_attempts"": 3, ""metadata"": {}, ""name"": ""implement_cognitive_reasoning"", ""parent"": ""be_helpful_cognitive_assistant"", ""priority"": 0.9, ""progress"": null, ""required_resources"": [], ""status"": ""active"", ""success_conditions"": [], ""tags"": []}",4b7edd1ddf4c3a9a90f9c43b2bf6955f12bf25d68a34f62cff996c0a7c7a1a61,7f4b4bfdb72bea20c0b5540f9817923ac6f1e8e3c02bb7e6d31c6f9ab6d2544c,"{""item"": {""allocated_resources"": [], ""attempts"": 0, ""children"": [], ""created_at"": ""2025-12-30T04:36:31.002732+00:00"", ""dependencies"": [], ""description"": ""Implement production rule system and cognitive reasoning capabilities"", ""failure_conditions"": [], ""goal_type"": ""achieve"", ""last_updated"": ""2025-12-30T04:36:31.002737+00:00"", ""max_attempts"": 3, ""metadata"": {}, ""name"": ""implement_cognitive_reasoning"", ""parent"": ""be_helpful_cognitive_assistant"", ""priority"": 0.9, ""progress"": null, ""required_resources"": [], ""status"": ""active"", ""success_conditions"": [], ""tags"": []}, ""pattern"": {""name"": ""analyze_codebase"", ""type"": ""goal""}}","{""confidence"": 0.25, ""match"": false}"
2025-12-30T04:36:49.124552+00:00,13939bd5-222e-4478-bf1a-a26333e8e9fa,3,goal,False,0.25,False,False,True,True,,llm_batch,"{""name"": ""analyze_codebase"", ""type"": ""goal""}",{},4b7edd1ddf4c3a9a90f9c43b2bf6955f12bf25d68a34f62cff996c0a7c7a1a61,44136fa355b3678a1146ad16f7e8649e94fb4fc21fe77e8310c060f61caaff8a,"{""item"": {}, ""pattern"": {""name"": ""analyze_codebase"", ""type"": ""goal""}}","{""confidence"": 0.25, ""match"": false}"
2025-12-30T04:36:49.124716+00:00,13939bd5-222e-4478-bf1a-a26333e8e9fa,4,task,False,0.25,False,False,True,True,,llm_batch,"{""domain"": ""code_analysis"", ""type"": ""task""}","{""allocated_resources"": [], ""attempts"": 0, ""children"": [""minimize_cognitive_dissonance"", ""implement_cognitive_reasoning""], ""created_at"": ""2025-12-30T04:36:29.734069+00:00"", ""dependencies"": [], ""description"": ""Be a helpful, capable cognitive assistant that can reason, learn, and solve problems"", ""failure_conditions"": [], ""goal_type"": ""maintain"", ""last_updated"": ""2025-12-30T04:36:29.734074+00:00"", ""max_attempts"": 3, ""metadata"": {}, ""name"": ""be_helpful_cognitive_assistant"", ""parent"": null, ""priority"": 1.0, ""progress"": null, ""required_resources"": [], ""status"": ""active"", ""success_conditions"": [], ""tags"": []}",f9822d6cc7ea26ea4a4803c265a182beaaf26e4d2373283cdde39f139cf97f59,d566cddc603055539826c5e3a8d77f11fd3c07907f06e8e8d6521d2a779d4e6b,"{""item"": {""allocated_resources"": [], ""attempts"": 0, ""children"": [""minimize_cognitive_dissonance"", ""implement_cognitive_reasoning""], ""created_at"": ""2025-12-30T04:36:29.734069+00:00"", ""dependencies"": [], ""description"": ""Be a helpful, capable cognitive assistant that can reason, learn, and solve problems"", ""failure_conditions"": [], ""goal_type"": ""maintain"", ""last_updated"": ""2025-12-30T04:36:29.734074+00:00"", ""max_attempts"": 3, ""metadata"": {}, ""name"": ""be_helpful_cognitive_assistant"", ""parent"": null, ""priority"": 1.0, ""progress"": null, ""required_resources"": [], ""status"": ""active"", ""success_conditions"": [], ""tags"": []}, ""pattern"": {""domain"": ""code_analysis"", ""type"": ""task""}}","{""confidence"": 0.25, ""match"": false}"
2025-12-30T04:36:49.124903+00:00,13939bd5-222e-4478-bf1a-a26333e8e9fa,5,task,False,0.25,False,False,True,True,,llm_batch,"{""domain"": ""code_analysis"", ""type"": ""task""}","{""allocated_resources"": [], ""attempts"": 0, ""children"": [], ""created_at"": ""2025-12-30T04:36:30.390411+00:00"", ""dependencies"": [], ""description"": ""Maintain alignment with self-model by minimizing cognitive dissonance across all dimensions (logical, factual, behavioral, goal-based)"", ""failure_conditions"": [], ""goal_type"": ""maintain"", ""last_updated"": ""2025-12-30T04:36:30.390418+00:00"", ""max_attempts"": 3, ""metadata"": {}, ""name"": ""minimize_cognitive_dissonance"", ""parent"": ""be_helpful_cognitive_assistant"", ""priority"": 1.0, ""progress"": null, ""required_resources"": [], ""status"": ""active"", ""success_conditions"": [{""operator"": ""<"", ""type"": ""overall_dissonance"", ""value"": 0.2}, {""operator"": ""=="", ""type"": ""no_critical_dissonance"", ""value"": true}], ""tags"": []}",f9822d6cc7ea26ea4a4803c265a182beaaf26e4d2373283cdde39f139cf97f59,32642387cd15ac8ca11679f1da8412aad142ab5efdbdca21b73071a8ed7b5196,"{""item"": {""allocated_resources"": [], ""attempts"": 0, ""children"": [], ""created_at"": ""2025-12-30T04:36:30.390411+00:00"", ""dependencies"": [], ""description"": ""Maintain alignment with self-model by minimizing cognitive dissonance across all dimensions (logical, factual, behavioral, goal-based)"", ""failure_conditions"": [], ""goal_type"": ""maintain"", ""last_updated"": ""2025-12-30T04:36:30.390418+00:00"", ""max_attempts"": 3, ""metadata"": {}, ""name"": ""minimize_cognitive_dissonance"", ""parent"": ""be_helpful_cognitive_assistant"", ""priority"": 1.0, ""progress"": null, ""required_resources"": [], ""status"": ""active"", ""success_conditions"": [{""operator"": ""<"", ""type"": ""overall_dissonance"", ""value"": 0.2}, {""operator"": ""=="", ""type"": ""no_critical_dissonance"", ""value"": true}], ""tags"": []}, ""pattern"": {""domain"": ""code_analysis"", ""type"": ""task""}}","{""confidence"": 0.25, ""match"": false}"
2025-12-30T04:36:49.125098+00:00,13939bd5-222e-4478-bf1a-a26333e8e9fa,6,task,False,0.25,False,False,True,True,,llm_batch,"{""domain"": ""code_analysis"", ""type"": ""task""}","{""allocated_resources"": [], ""attempts"": 0, ""children"": [], ""created_at"": ""2025-12-30T04:36:31.002732+00:00"", ""dependencies"": [], ""description"": ""Implement production rule system and cognitive reasoning capabilities"", ""failure_conditions"": [], ""goal_type"": ""achieve"", ""last_updated"": ""2025-12-30T04:36:31.002737+00:00"", ""max_attempts"": 3, ""metadata"": {}, ""name"": ""implement_cognitive_reasoning"", ""parent"": ""be_helpful_cognitive_assistant"", ""priority"": 0.9, ""progress"": null, ""required_resources"": [], ""status"": ""active"", ""success_conditions"": [], ""tags"": []}",f9822d6cc7ea26ea4a4803c265a182beaaf26e4d2373283cdde39f139cf97f59,7f4b4bfdb72bea20c0b5540f9817923ac6f1e8e3c02bb7e6d31c6f9ab6d2544c,"{""item"": {""allocated_resources"": [], ""attempts"": 0, ""children"": [], ""created_at"": ""2025-12-30T04:36:31.002732+00:00"", ""dependencies"": [], ""description"": ""Implement production rule system and cognitive reasoning capabilities"", ""failure_conditions"": [], ""goal_type"": ""achieve"", ""last_updated"": ""2025-12-30T04:36:31.002737+00:00"", ""max_attempts"": 3, ""metadata"": {}, ""name"": ""implement_cognitive_reasoning"", ""parent"": ""be_helpful_cognitive_assistant"", ""priority"": 0.9, ""progress"": null, ""required_resources"": [], ""status"": ""active"", ""success_conditions"": [], ""tags"": []}, ""pattern"": {""domain"": ""code_analysis"", ""type"": ""task""}}","{""confidence"": 0.25, ""match"": false}"
2025-12-30T04:36:49.125298+00:00,13939bd5-222e-4478-bf1a-a26333e8e9fa,7,task,False,0.25,False,False,True,True,,llm_batch,"{""domain"": ""code_analysis"", ""type"": ""task""}",{},f9822d6cc7ea26ea4a4803c265a182beaaf26e4d2373283cdde39f139cf97f59,44136fa355b3678a1146ad16f7e8649e94fb4fc21fe77e8310c060f61caaff8a,"{""item"": {}, ""pattern"": {""domain"": ""code_analysis"", ""type"": ""task""}}","{""confidence"": 0.25, ""match"": false}"
2025-12-30T04:36:49.125477+00:00,13939bd5-222e-4478-bf1a-a26333e8e9fa,8,task,False,0.25,False,False,True,True,,llm_batch,"{""needs_information"": true, ""type"": ""task""}","{""allocated_resources"": [], ""attempts"": 0, ""children"": [""minimize_cognitive_dissonance"", ""implement_cognitive_reasoning""], ""created_at"": ""2025-12-30T04:36:29.734069+00:00"", ""dependencies"": [], ""description"": ""Be a helpful, capable cognitive assistant that can reason, learn, and solve problems"", ""failure_conditions"": [], ""goal_type"": ""maintain"", ""last_updated"": ""2025-12-30T04:36:29.734074+00:00"", ""max_attempts"": 3, ""metadata"": {}, ""name"": ""be_helpful_cognitive_assistant"", ""parent"": null, ""priority"": 1.0, ""progress"": null, ""required_resources"": [], ""status"": ""active"", ""success_conditions"": [], ""tags"": []}",1d90adb7418631158747666cdb2de0b30dfbad7a4a45c978b9eeb4d782494a27,d566cddc603055539826c5e3a8d77f11fd3c07907f06e8e8d6521d2a779d4e6b,"{""item"": {""allocated_resources"": [], ""attempts"": 0, ""children"": [""minimize_cognitive_dissonance"", ""implement_cognitive_reasoning""], ""created_at"": ""2025-12-30T04:36:29.734069+00:00"", ""dependencies"": [], ""description"": ""Be a helpful, capable cognitive assistant that can reason, learn, and solve problems"", ""failure_conditions"": [], ""goal_type"": ""maintain"", ""last_updated"": ""2025-12-30T04:36:29.734074+00:00"", ""max_attempts"": 3, ""metadata"": {}, ""name"": ""be_helpful_cognitive_assistant"", ""parent"": null, ""priority"": 1.0, ""progress"": null, ""required_resources"": [], ""status"": ""active"", ""success_conditions"": [], ""tags"": []}, ""pattern"": {""needs_information"": true, ""type"": ""task""}}","{""confidence"": 0.25, ""match"": false}"
2025-12-30T04:36:49.125664+00:00,13939bd5-222e-4478-bf1a-a26333e8e9fa,9,task,False,0.25,False,False,True,True,,llm_batch,"{""needs_information"": true, ""type"": ""task""}","{""allocated_resources"": [], ""attempts"": 0, ""children"": [], ""created_at"": ""2025-12-30T04:36:30.390411+00:00"", ""dependencies"": [], ""description"": ""Maintain alignment with self-model by minimizing cognitive dissonance across all dimensions (logical, factual, behavioral, goal-based)"", ""failure_conditions"": [], ""goal_type"": ""maintain"", ""last_updated"": ""2025-12-30T04:36:30.390418+00:00"", ""max_attempts"": 3, ""metadata"": {}, ""name"": ""minimize_cognitive_dissonance"", ""parent"": ""be_helpful_cognitive_assistant"", ""priority"": 1.0, ""progress"": null, ""required_resources"": [], ""status"": ""active"", ""success_conditions"": [{""operator"": ""<"", ""type"": ""overall_dissonance"", ""value"": 0.2}, {""operator"": ""=="", ""type"": ""no_critical_dissonance"", ""value"": true}], ""tags"": []}",1d90adb7418631158747666cdb2de0b30dfbad7a4a45c978b9eeb4d782494a27,32642387cd15ac8ca11679f1da8412aad142ab5efdbdca21b73071a8ed7b5196,"{""item"": {""allocated_resources"": [], ""attempts"": 0, ""children"": [], ""created_at"": ""2025-12-30T04:36:30.390411+00:00"", ""dependencies"": [], ""description"": ""Maintain alignment with self-model by minimizing cognitive dissonance across all dimensions (logical, factual, behavioral, goal-based)"", ""failure_conditions"": [], ""goal_type"": ""maintain"", ""last_updated"": ""2025-12-30T04:36:30.390418+00:00"", ""max_attempts"": 3, ""metadata"": {}, ""name"": ""minimize_cognitive_dissonance"", ""parent"": ""be_helpful_cognitive_assistant"", ""priority"": 1.0, ""progress"": null, ""required_resources"": [], ""status"": ""active"", ""success_conditions"": [{""operator"": ""<"", ""type"": ""overall_dissonance"", ""value"": 0.2}, {""operator"": ""=="", ""type"": ""no_critical_dissonance"", ""value"": true}], ""tags"": []}, ""pattern"": {""needs_information"": true, ""type"": ""task""}}","{""confidence"": 0.25, ""match"": false}"
2025-12-30T04:37:09.927516+00:00,5252cfa7-74fd-4d42-9233-fc065431595a,0,task,False,0.45,False,False,True,True,,llm_batch,"{""needs_information"": true, ""type"": ""task""}","{""allocated_resources"": [], ""attempts"": 0, ""children"": [], ""created_at"": ""2025-12-30T04:36:31.002732+00:00"", ""dependencies"": [], ""description"": ""Implement production rule system and cognitive reasoning capabilities"", ""failure_conditions"": [], ""goal_type"": ""achieve"", ""last_updated"": ""2025-12-30T04:36:31.002737+00:00"", ""max_attempts"": 3, ""metadata"": {}, ""name"": ""implement_cognitive_reasoning"", ""parent"": ""be_helpful_cognitive_assistant"", ""priority"": 0.9, ""progress"": null, ""required_resources"": [], ""status"": ""active"", ""success_conditions"": [], ""tags"": []}",1d90adb7418631158747666cdb2de0b30dfbad7a4a45c978b9eeb4d782494a27,7f4b4bfdb72bea20c0b5540f9817923ac6f1e8e3c02bb7e6d31c6f9ab6d2544c,"{""item"": {""allocated_resources"": [], ""attempts"": 0, ""children"": [], ""created_at"": ""2025-12-30T04:36:31.002732+00:00"", ""dependencies"": [], ""description"": ""Implement production rule system and cognitive reasoning capabilities"", ""failure_conditions"": [], ""goal_type"": ""achieve"", ""last_updated"": ""2025-12-30T04:36:31.002737+00:00"", ""max_attempts"": 3, ""metadata"": {}, ""name"": ""implement_cognitive_reasoning"", ""parent"": ""be_helpful_cognitive_assistant"", ""priority"": 0.9, ""progress"": null, ""required_resources"": [], ""status"": ""active"", ""success_conditions"": [], ""tags"": []}, ""pattern"": {""needs_information"": true, ""type"": ""task""}}","{""confidence"": 0.45, ""match"": false}"
2025-12-30T04:37:09.930322+00:00,5252cfa7-74fd-4d42-9233-fc065431595a,1,task,False,0.4,False,False,True,True,,llm_batch,"{""needs_information"": true, ""type"": ""task""}",{},1d90adb7418631158747666cdb2de0b30dfbad7a4a45c978b9eeb4d782494a27,44136fa355b3678a1146ad16f7e8649e94fb4fc21fe77e8310c060f61caaff8a,"{""item"": {}, ""pattern"": {""needs_information"": true, ""type"": ""task""}}","{""confidence"": 0.4, ""match"": false}"
2025-12-30T04:37:09.930909+00:00,5252cfa7-74fd-4d42-9233-fc065431595a,2,goal,False,0.75,False,False,True,True,,llm_batch,"{""goal_type"": ""learn"", ""type"": ""goal""}","{""allocated_resources"": [], ""attempts"": 0, ""children"": [""minimize_cognitive_dissonance"", ""implement_cognitive_reasoning""], ""created_at"": ""2025-12-30T04:36:29.734069+00:00"", ""dependencies"": [], ""description"": ""Be a helpful, capable cognitive assistant that can reason, learn, and solve problems"", ""failure_conditions"": [], ""goal_type"": ""maintain"", ""last_updated"": ""2025-12-30T04:36:29.734074+00:00"", ""max_attempts"": 3, ""metadata"": {}, ""name"": ""be_helpful_cognitive_assistant"", ""parent"": null, ""priority"": 1.0, ""progress"": null, ""required_resources"": [], ""status"": ""active"", ""success_conditions"": [], ""tags"": []}",a2f0948a11eaf00a966b19da7a35a0d69332b4d430516d179277be08457f33cf,d566cddc603055539826c5e3a8d77f11fd3c07907f06e8e8d6521d2a779d4e6b,"{""item"": {""allocated_resources"": [], ""attempts"": 0, ""children"": [""minimize_cognitive_dissonance"", ""implement_cognitive_reasoning""], ""created_at"": ""2025-12-30T04:36:29.734069+00:00"", ""dependencies"": [], ""description"": ""Be a helpful, capable cognitive assistant that can reason, learn, and solve problems"", ""failure_conditions"": [], ""goal_type"": ""maintain"", ""last_updated"": ""2025-12-30T04:36:29.734074+00:00"", ""max_attempts"": 3, ""metadata"": {}, ""name"": ""be_helpful_cognitive_assistant"", ""parent"": null, ""priority"": 1.0, ""progress"": null, ""required_resources"": [], ""status"": ""active"", ""success_conditions"": [], ""tags"": []}, ""pattern"": {""goal_type"": ""learn"", ""type"": ""goal""}}","{""confidence"": 0.75, ""match"": false}"
2025-12-30T04:37:09.931487+00:00,5252cfa7-74fd-4d42-9233-fc065431595a,3,goal,False,0.75,False,False,True,True,,llm_batch,"{""goal_type"": ""learn"", ""type"": ""goal""}","{""allocated_resources"": [], ""attempts"": 0, ""children"": [], ""created_at"": ""2025-12-30T04:36:30.390411+00:00"", ""dependencies"": [], ""description"": ""Maintain alignment with self-model by minimizing cognitive dissonance across all dimensions (logical, factual, behavioral, goal-based)"", ""failure_conditions"": [], ""goal_type"": ""maintain"", ""last_updated"": ""2025-12-30T04:36:30.390418+00:00"", ""max_attempts"": 3, ""metadata"": {}, ""name"": ""minimize_cognitive_dissonance"", ""parent"": ""be_helpful_cognitive_assistant"", ""priority"": 1.0, ""progress"": null, ""required_resources"": [], ""status"": ""active"", ""success_conditions"": [{""operator"": ""<"", ""type"": ""overall_dissonance"", ""value"": 0.2}, {""operator"": ""=="", ""type"": ""no_critical_dissonance"", ""value"": true}], ""tags"": []}",a2f0948a11eaf00a966b19da7a35a0d69332b4d430516d179277be08457f33cf,32642387cd15ac8ca11679f1da8412aad142ab5efdbdca21b73071a8ed7b5196,"{""item"": {""allocated_resources"": [], ""attempts"": 0, ""children"": [], ""created_at"": ""2025-12-30T04:36:30.390411+00:00"", ""dependencies"": [], ""description"": ""Maintain alignment with self-model by minimizing cognitive dissonance across all dimensions (logical, factual, behavioral, goal-based)"", ""failure_conditions"": [], ""goal_type"": ""maintain"", ""last_updated"": ""2025-12-30T04:36:30.390418+00:00"", ""max_attempts"": 3, ""metadata"": {}, ""name"": ""minimize_cognitive_dissonance"", ""parent"": ""be_helpful_cognitive_assistant"", ""priority"": 1.0, ""progress"": null, ""required_resources"": [], ""status"": ""active"", ""success_conditions"": [{""operator"": ""<"", ""type"": ""overall_dissonance"", ""value"": 0.2}, {""operator"": ""=="", ""type"": ""no_critical_dissonance"", ""value"": true}], ""tags"": []}, ""pattern"": {""goal_type"": ""learn"", ""type"": ""goal""}}","{""confidence"": 0.75, ""match"": false}"
2025-12-30T04:37:09.931812+00:00,5252cfa7-74fd-4d42-9233-fc065431595a,4,goal,False,0.75,False,False,True,True,,llm_batch,"{""goal_type"": ""learn"", ""type"": ""goal""}","{""allocated_resources"": [], ""attempts"": 0, ""children"": [], ""created_at"": ""2025-12-30T04:36:31.002732+00:00"", ""dependencies"": [], ""description"": ""Implement production rule system and cognitive reasoning capabilities"", ""failure_conditions"": [], ""goal_type"": ""achieve"", ""last_updated"": ""2025-12-30T04:36:31.002737+00:00"", ""max_attempts"": 3, ""metadata"": {}, ""name"": ""implement_cognitive_reasoning"", ""parent"": ""be_helpful_cognitive_assistant"", ""priority"": 0.9, ""progress"": null, ""required_resources"": [], ""status"": ""active"", ""success_conditions"": [], ""tags"": []}",a2f0948a11eaf00a966b19da7a35a0d69332b4d430516d179277be08457f33cf,7f4b4bfdb72bea20c0b5540f9817923ac6f1e8e3c02bb7e6d31c6f9ab6d2544c,"{""item"": {""allocated_resources"": [], ""attempts"": 0, ""children"": [], ""created_at"": ""2025-12-30T04:36:31.002732+00:00"", ""dependencies"": [], ""description"": ""Implement production rule system and cognitive reasoning capabilities"", ""failure_conditions"": [], ""goal_type"": ""achieve"", ""last_updated"": ""2025-12-30T04:36:31.002737+00:00"", ""max_attempts"": 3, ""metadata"": {}, ""name"": ""implement_cognitive_reasoning"", ""parent"": ""be_helpful_cognitive_assistant"", ""priority"": 0.9, ""progress"": null, ""required_resources"": [], ""status"": ""active"", ""success_conditions"": [], ""tags"": []}, ""pattern"": {""goal_type"": ""learn"", ""type"": ""goal""}}","{""confidence"": 0.75, ""match"": false}"
2025-12-30T04:37:09.932019+00:00,5252cfa7-74fd-4d42-9233-fc065431595a,5,goal,False,0.5,False,False,True,True,,llm_batch,"{""goal_type"": ""learn"", ""type"": ""goal""}",{},a2f0948a11eaf00a966b19da7a35a0d69332b4d430516d179277be08457f33cf,44136fa355b3678a1146ad16f7e8649e94fb4fc21fe77e8310c060f61caaff8a,"{""item"": {}, ""pattern"": {""goal_type"": ""learn"", ""type"": ""goal""}}","{""confidence"": 0.5, ""match"": false}"
2025-12-30T04:37:09.932231+00:00,5252cfa7-74fd-4d42-9233-fc065431595a,6,task,True,0.68,False,False,True,True,,llm_batch,"{""complexity"": ""high"", ""type"": ""task""}","{""allocated_resources"": [], ""attempts"": 0, ""children"": [""minimize_cognitive_dissonance"", ""implement_cognitive_reasoning""], ""created_at"": ""2025-12-30T04:36:29.734069+00:00"", ""dependencies"": [], ""description"": ""Be a helpful, capable cognitive assistant that can reason, learn, and solve problems"", ""failure_conditions"": [], ""goal_type"": ""maintain"", ""last_updated"": ""2025-12-30T04:36:29.734074+00:00"", ""max_attempts"": 3, ""metadata"": {}, ""name"": ""be_helpful_cognitive_assistant"", ""parent"": null, ""priority"": 1.0, ""progress"": null, ""required_resources"": [], ""status"": ""active"", ""success_conditions"": [], ""tags"": []}",52fd11b5bae020dd18db68e5578b736681eead0a0dd5686f41079f8c9a190019,d566cddc603055539826c5e3a8d77f11fd3c07907f06e8e8d6521d2a779d4e6b,"{""item"": {""allocated_resources"": [], ""attempts"": 0, ""children"": [""minimize_cognitive_dissonance"", ""implement_cognitive_reasoning""], ""created_at"": ""2025-12-30T04:36:29.734069+00:00"", ""dependencies"": [], ""description"": ""Be a helpful, capable cognitive assistant that can reason, learn, and solve problems"", ""failure_conditions"": [], ""goal_type"": ""maintain"", ""last_updated"": ""2025-12-30T04:36:29.734074+00:00"", ""max_attempts"": 3, ""metadata"": {}, ""name"": ""be_helpful_cognitive_assistant"", ""parent"": null, ""priority"": 1.0, ""progress"": null, ""required_resources"": [], ""status"": ""active"", ""success_conditions"": [], ""tags"": []}, ""pattern"": {""complexity"": ""high"", ""type"": ""task""}}","{""confidence"": 0.68, ""match"": true}"
2025-12-30T04:37:09.932466+00:00,5252cfa7-74fd-4d42-9233-fc065431595a,7,task,False,0.6,False,False,True,True,,llm_batch,"{""complexity"": ""high"", ""type"": ""task""}","{""allocated_resources"": [], ""attempts"": 0, ""children"": [], ""created_at"": ""2025-12-30T04:36:30.390411+00:00"", ""dependencies"": [], ""description"": ""Maintain alignment with self-model by minimizing cognitive dissonance across all dimensions (logical, factual, behavioral, goal-based)"", ""failure_conditions"": [], ""goal_type"": ""maintain"", ""last_updated"": ""2025-12-30T04:36:30.390418+00:00"", ""max_attempts"": 3, ""metadata"": {}, ""name"": ""minimize_cognitive_dissonance"", ""parent"": ""be_helpful_cognitive_assistant"", ""priority"": 1.0, ""progress"": null, ""required_resources"": [], ""status"": ""active"", ""success_conditions"": [{""operator"": ""<"", ""type"": ""overall_dissonance"", ""value"": 0.2}, {""operator"": ""=="", ""type"": ""no_critical_dissonance"", ""value"": true}], ""tags"": []}",52fd11b5bae020dd18db68e5578b736681eead0a0dd5686f41079f8c9a190019,32642387cd15ac8ca11679f1da8412aad142ab5efdbdca21b73071a8ed7b5196,"{""item"": {""allocated_resources"": [], ""attempts"": 0, ""children"": [], ""created_at"": ""2025-12-30T04:36:30.390411+00:00"", ""dependencies"": [], ""description"": ""Maintain alignment with self-model by minimizing cognitive dissonance across all dimensions (logical, factual, behavioral, goal-based)"", ""failure_conditions"": [], ""goal_type"": ""maintain"", ""last_updated"": ""2025-12-30T04:36:30.390418+00:00"", ""max_attempts"": 3, ""metadata"": {}, ""name"": ""minimize_cognitive_dissonance"", ""parent"": ""be_helpful_cognitive_assistant"", ""priority"": 1.0, ""progress"": null, ""required_resources"": [], ""status"": ""active"", ""success_conditions"": [{""operator"": ""<"", ""type"": ""overall_dissonance"", ""value"": 0.2}, {""operator"": ""=="", ""type"": ""no_critical_dissonance"", ""value"": true}], ""tags"": []}, ""pattern"": {""complexity"": ""high"", ""type"": ""task""}}","{""confidence"": 0.6, ""match"": false}"
2025-12-30T04:37:09.932718+00:00,5252cfa7-74fd-4d42-9233-fc065431595a,8,task,False,0.6,False,False,True,True,,llm_batch,"{""complexity"": ""high"", ""type"": ""task""}","{""allocated_resources"": [], ""attempts"": 0, ""children"": [], ""created_at"": ""2025-12-30T04:36:31.002732+00:00"", ""dependencies"": [], ""description"": ""Implement production rule system and cognitive reasoning capabilities"", ""failure_conditions"": [], ""goal_type"": ""achieve"", ""last_updated"": ""2025-12-30T04:36:31.002737+00:00"", ""max_attempts"": 3, ""metadata"": {}, ""name"": ""implement_cognitive_reasoning"", ""parent"": ""be_helpful_cognitive_assistant"", ""priority"": 0.9, ""progress"": null, ""required_resources"": [], ""status"": ""active"", ""success_conditions"": [], ""tags"": []}",52fd11b5bae020dd18db68e5578b736681eead0a0dd5686f41079f8c9a190019,7f4b4bfdb72bea20c0b5540f9817923ac6f1e8e3c02bb7e6d31c6f9ab6d2544c,"{""item"": {""allocated_resources"": [], ""attempts"": 0, ""children"": [], ""created_at"": ""2025-12-30T04:36:31.002732+00:00"", ""dependencies"": [], ""description"": ""Implement production rule system and cognitive reasoning capabilities"", ""failure_conditions"": [], ""goal_type"": ""achieve"", ""last_updated"": ""2025-12-30T04:36:31.002737+00:00"", ""max_attempts"": 3, ""metadata"": {}, ""name"": ""implement_cognitive_reasoning"", ""parent"": ""be_helpful_cognitive_assistant"", ""priority"": 0.9, ""progress"": null, ""required_resources"": [], ""status"": ""active"", ""success_conditions"": [], ""tags"": []}, ""pattern"": {""complexity"": ""high"", ""type"": ""task""}}","{""confidence"": 0.6, ""match"": false}"
2025-12-30T04:37:09.932930+00:00,5252cfa7-74fd-4d42-9233-fc065431595a,9,task,False,0.6,False,False,True,True,,llm_batch,"{""complexity"": ""high"", ""type"": ""task""}",{},52fd11b5bae020dd18db68e5578b736681eead0a0dd5686f41079f8c9a190019,44136fa355b3678a1146ad16f7e8649e94fb4fc21fe77e8310c060f61caaff8a,"{""item"": {}, ""pattern"": {""complexity"": ""high"", ""type"": ""task""}}","{""confidence"": 0.6, ""match"": false}"
2025-12-30T04:37:24.857625+00:00,db9f51c4-3278-45e1-b67f-c65e6502d927,0,goal,False,0.6,False,False,True,True,,llm_batch,"{""difficulty"": ""high"", ""goal_type"": ""achieve"", ""type"": ""goal""}","{""allocated_resources"": [], ""attempts"": 0, ""children"": [""minimize_cognitive_dissonance"", ""implement_cognitive_reasoning""], ""created_at"": ""2025-12-30T04:36:29.734069+00:00"", ""dependencies"": [], ""description"": ""Be a helpful, capable cognitive assistant that can reason, learn, and solve problems"", ""failure_conditions"": [], ""goal_type"": ""maintain"", ""last_updated"": ""2025-12-30T04:36:29.734074+00:00"", ""max_attempts"": 3, ""metadata"": {}, ""name"": ""be_helpful_cognitive_assistant"", ""parent"": null, ""priority"": 1.0, ""progress"": null, ""required_resources"": [], ""status"": ""active"", ""success_conditions"": [], ""tags"": []}",3a354a53f63865527f8522ef2fdd5f398efff808258b0214cdbe4298c1eee778,d566cddc603055539826c5e3a8d77f11fd3c07907f06e8e8d6521d2a779d4e6b,"{""item"": {""allocated_resources"": [], ""attempts"": 0, ""children"": [""minimize_cognitive_dissonance"", ""implement_cognitive_reasoning""], ""created_at"": ""2025-12-30T04:36:29.734069+00:00"", ""dependencies"": [], ""description"": ""Be a helpful, capable cognitive assistant that can reason, learn, and solve problems"", ""failure_conditions"": [], ""goal_type"": ""maintain"", ""last_updated"": ""2025-12-30T04:36:29.734074+00:00"", ""max_attempts"": 3, ""metadata"": {}, ""name"": ""be_helpful_cognitive_assistant"", ""parent"": null, ""priority"": 1.0, ""progress"": null, ""required_resources"": [], ""status"": ""active"", ""success_conditions"": [], ""tags"": []}, ""pattern"": {""difficulty"": ""high"", ""goal_type"": ""achieve"", ""type"": ""goal""}}","{""confidence"": 0.6, ""match"": false}"
2025-12-30T04:37:24.859140+00:00,db9f51c4-3278-45e1-b67f-c65e6502d927,1,goal,False,0.6,False,False,True,True,,llm_batch,"{""difficulty"": ""high"", ""goal_type"": ""achieve"", ""type"": ""goal""}","{""allocated_resources"": [], ""attempts"": 0, ""children"": [], ""created_at"": ""2025-12-30T04:36:30.390411+00:00"", ""dependencies"": [], ""description"": ""Maintain alignment with self-model by minimizing cognitive dissonance across all dimensions (logical, factual, behavioral, goal-based)"", ""failure_conditions"": [], ""goal_type"": ""maintain"", ""last_updated"": ""2025-12-30T04:36:30.390418+00:00"", ""max_attempts"": 3, ""metadata"": {}, ""name"": ""minimize_cognitive_dissonance"", ""parent"": ""be_helpful_cognitive_assistant"", ""priority"": 1.0, ""progress"": null, ""required_resources"": [], ""status"": ""active"", ""success_conditions"": [{""operator"": ""<"", ""type"": ""overall_dissonance"", ""value"": 0.2}, {""operator"": ""=="", ""type"": ""no_critical_dissonance"", ""value"": true}], ""tags"": []}",3a354a53f63865527f8522ef2fdd5f398efff808258b0214cdbe4298c1eee778,32642387cd15ac8ca11679f1da8412aad142ab5efdbdca21b73071a8ed7b5196,"{""item"": {""allocated_resources"": [], ""attempts"": 0, ""children"": [], ""created_at"": ""2025-12-30T04:36:30.390411+00:00"", ""dependencies"": [], ""description"": ""Maintain alignment with self-model by minimizing cognitive dissonance across all dimensions (logical, factual, behavioral, goal-based)"", ""failure_conditions"": [], ""goal_type"": ""maintain"", ""last_updated"": ""2025-12-30T04:36:30.390418+00:00"", ""max_attempts"": 3, ""metadata"": {}, ""name"": ""minimize_cognitive_dissonance"", ""parent"": ""be_helpful_cognitive_assistant"", ""priority"": 1.0, ""progress"": null, ""required_resources"": [], ""status"": ""active"", ""success_conditions"": [{""operator"": ""<"", ""type"": ""overall_dissonance"", ""value"": 0.2}, {""operator"": ""=="", ""type"": ""no_critical_dissonance"", ""value"": true}], ""tags"": []}, ""pattern"": {""difficulty"": ""high"", ""goal_type"": ""achieve"", ""type"": ""goal""}}","{""confidence"": 0.6, ""match"": false}"
2025-12-30T04:37:24.859714+00:00,db9f51c4-3278-45e1-b67f-c65e6502d927,2,goal,True,0.85,False,False,True,True,,llm_batch,"{""difficulty"": ""high"", ""goal_type"": ""achieve"", ""type"": ""goal""}","{""allocated_resources"": [], ""attempts"": 0, ""children"": [], ""created_at"": ""2025-12-30T04:36:31.002732+00:00"", ""dependencies"": [], ""description"": ""Implement production rule system and cognitive reasoning capabilities"", ""failure_conditions"": [], ""goal_type"": ""achieve"", ""last_updated"": ""2025-12-30T04:36:31.002737+00:00"", ""max_attempts"": 3, ""metadata"": {}, ""name"": ""implement_cognitive_reasoning"", ""parent"": ""be_helpful_cognitive_assistant"", ""priority"": 0.9, ""progress"": null, ""required_resources"": [], ""status"": ""active"", ""success_conditions"": [], ""tags"": []}",3a354a53f63865527f8522ef2fdd5f398efff808258b0214cdbe4298c1eee778,7f4b4bfdb72bea20c0b5540f9817923ac6f1e8e3c02bb7e6d31c6f9ab6d2544c,"{""item"": {""allocated_resources"": [], ""attempts"": 0, ""children"": [], ""created_at"": ""2025-12-30T04:36:31.002732+00:00"", ""dependencies"": [], ""description"": ""Implement production rule system and cognitive reasoning capabilities"", ""failure_conditions"": [], ""goal_type"": ""achieve"", ""last_updated"": ""2025-12-30T04:36:31.002737+00:00"", ""max_attempts"": 3, ""metadata"": {}, ""name"": ""implement_cognitive_reasoning"", ""parent"": ""be_helpful_cognitive_assistant"", ""priority"": 0.9, ""progress"": null, ""required_resources"": [], ""status"": ""active"", ""success_conditions"": [], ""tags"": []}, ""pattern"": {""difficulty"": ""high"", ""goal_type"": ""achieve"", ""type"": ""goal""}}","{""confidence"": 0.85, ""match"": true}"
2025-12-30T04:37:24.860032+00:00,db9f51c4-3278-45e1-b67f-c65e6502d927,3,goal,False,0.5,False,False,True,True,,llm_batch,"{""difficulty"": ""high"", ""goal_type"": ""achieve"", ""type"": ""goal""}",{},3a354a53f63865527f8522ef2fdd5f398efff808258b0214cdbe4298c1eee778,44136fa355b3678a1146ad16f7e8649e94fb4fc21fe77e8310c060f61caaff8a,"{""item"": {}, ""pattern"": {""difficulty"": ""high"", ""goal_type"": ""achieve"", ""type"": ""goal""}}","{""confidence"": 0.5, ""match"": false}"
2025-12-30T04:39:41.361833+00:00,6959cd92-7e9a-4bd6-a17d-e701f1353cda,0,goal,False,0.95,False,False,True,True,,llm_batch,"{""name"": ""analyze_codebase"", ""type"": ""goal""}","{""allocated_resources"": [], ""attempts"": 0, ""children"": [""minimize_cognitive_dissonance"", ""implement_cognitive_reasoning""], ""created_at"": ""2025-12-30T04:39:13.893986+00:00"", ""dependencies"": [], ""description"": ""Be a helpful, capable cognitive assistant that can reason, learn, and solve problems"", ""failure_conditions"": [], ""goal_type"": ""maintain"", ""last_updated"": ""2025-12-30T04:39:13.893991+00:00"", ""max_attempts"": 3, ""metadata"": {}, ""name"": ""be_helpful_cognitive_assistant"", ""parent"": null, ""priority"": 1.0, ""progress"": null, ""required_resources"": [], ""status"": ""active"", ""success_conditions"": [], ""tags"": []}",4b7edd1ddf4c3a9a90f9c43b2bf6955f12bf25d68a34f62cff996c0a7c7a1a61,5a521c4251167b7041fcbeeb010d9c8e15f530ed19b64fec3c3c1957a88598bc,"{""item"": {""allocated_resources"": [], ""attempts"": 0, ""children"": [""minimize_cognitive_dissonance"", ""implement_cognitive_reasoning""], ""created_at"": ""2025-12-30T04:39:13.893986+00:00"", ""dependencies"": [], ""description"": ""Be a helpful, capable cognitive assistant that can reason, learn, and solve problems"", ""failure_conditions"": [], ""goal_type"": ""maintain"", ""last_updated"": ""2025-12-30T04:39:13.893991+00:00"", ""max_attempts"": 3, ""metadata"": {}, ""name"": ""be_helpful_cognitive_assistant"", ""parent"": null, ""priority"": 1.0, ""progress"": null, ""required_resources"": [], ""status"": ""active"", ""success_conditions"": [], ""tags"": []}, ""pattern"": {""name"": ""analyze_codebase"", ""type"": ""goal""}}","{""confidence"": 0.95, ""match"": false}"
2025-12-30T04:39:41.362078+00:00,6959cd92-7e9a-4bd6-a17d-e701f1353cda,1,goal,False,0.95,False,False,True,True,,llm_batch,"{""name"": ""analyze_codebase"", ""type"": ""goal""}","{""allocated_resources"": [], ""attempts"": 0, ""children"": [], ""created_at"": ""2025-12-30T04:39:14.539782+00:00"", ""dependencies"": [], ""description"": ""Maintain alignment with self-model by minimizing cognitive dissonance across all dimensions (logical, factual, behavioral, goal-based)"", ""failure_conditions"": [], ""goal_type"": ""maintain"", ""last_updated"": ""2025-12-30T04:39:14.539787+00:00"", ""max_attempts"": 3, ""metadata"": {}, ""name"": ""minimize_cognitive_dissonance"", ""parent"": ""be_helpful_cognitive_assistant"", ""priority"": 1.0, ""progress"": null, ""required_resources"": [], ""status"": ""active"", ""success_conditions"": [{""operator"": ""<"", ""type"": ""overall_dissonance"", ""value"": 0.2}, {""operator"": ""=="", ""type"": ""no_critical_dissonance"", ""value"": true}], ""tags"": []}",4b7edd1ddf4c3a9a90f9c43b2bf6955f12bf25d68a34f62cff996c0a7c7a1a61,fbaad7d52d86e72dfd9d0bec878715171a01e21bfdb3e555e2f59bbc188debb1,"{""item"": {""allocated_resources"": [], ""attempts"": 0, ""children"": [], ""created_at"": ""2025-12-30T04:39:14.539782+00:00"", ""dependencies"": [], ""description"": ""Maintain alignment with self-model by minimizing cognitive dissonance across all dimensions (logical, factual, behavioral, goal-based)"", ""failure_conditions"": [], ""goal_type"": ""maintain"", ""last_updated"": ""2025-12-30T04:39:14.539787+00:00"", ""max_attempts"": 3, ""metadata"": {}, ""name"": ""minimize_cognitive_dissonance"", ""parent"": ""be_helpful_cognitive_assistant"", ""priority"": 1.0, ""progress"": null, ""required_resources"": [], ""status"": ""active"", ""success_conditions"": [{""operator"": ""<"", ""type"": ""overall_dissonance"", ""value"": 0.2}, {""operator"": ""=="", ""type"": ""no_critical_dissonance"", ""value"": true}], ""tags"": []}, ""pattern"": {""name"": ""analyze_codebase"", ""type"": ""goal""}}","{""confidence"": 0.95, ""match"": false}"
2025-12-30T04:39:41.362323+00:00,6959cd92-7e9a-4bd6-a17d-e701f1353cda,2,goal,False,0.95,False,False,True,True,,llm_batch,"{""name"": ""analyze_codebase"", ""type"": ""goal""}","{""allocated_resources"": [], ""attempts"": 0, ""children"": [], ""created_at"": ""2025-12-30T04:39:15.052431+00:00"", ""dependencies"": [], ""description"": ""Implement production rule system and cognitive reasoning capabilities"", ""failure_conditions"": [], ""goal_type"": ""achieve"", ""last_updated"": ""2025-12-30T04:39:15.052435+00:00"", ""max_attempts"": 3, ""metadata"": {}, ""name"": ""implement_cognitive_reasoning"", ""parent"": ""be_helpful_cognitive_assistant"", ""priority"": 0.9, ""progress"": null, ""required_resources"": [], ""status"": ""active"", ""success_conditions"": [], ""tags"": []}",4b7edd1ddf4c3a9a90f9c43b2bf6955f12bf25d68a34f62cff996c0a7c7a1a61,fe97dbeea258199800f60e5843daa740ebf394a5b9e1d1590f03efa522b79524,"{""item"": {""allocated_resources"": [], ""attempts"": 0, ""children"": [], ""created_at"": ""2025-12-30T04:39:15.052431+00:00"", ""dependencies"": [], ""description"": ""Implement production rule system and cognitive reasoning capabilities"", ""failure_conditions"": [], ""goal_type"": ""achieve"", ""last_updated"": ""2025-12-30T04:39:15.052435+00:00"", ""max_attempts"": 3, ""metadata"": {}, ""name"": ""implement_cognitive_reasoning"", ""parent"": ""be_helpful_cognitive_assistant"", ""priority"": 0.9, ""progress"": null, ""required_resources"": [], ""status"": ""active"", ""success_conditions"": [], ""tags"": []}, ""pattern"": {""name"": ""analyze_codebase"", ""type"": ""goal""}}","{""confidence"": 0.95, ""match"": false}"
2025-12-30T04:39:41.362534+00:00,6959cd92-7e9a-4bd6-a17d-e701f1353cda,3,goal,False,0.95,False,False,True,True,,llm_batch,"{""name"": ""analyze_codebase"", ""type"": ""goal""}",{},4b7edd1ddf4c3a9a90f9c43b2bf6955f12bf25d68a34f62cff996c0a7c7a1a61,44136fa355b3678a1146ad16f7e8649e94fb4fc21fe77e8310c060f61caaff8a,"{""item"": {}, ""pattern"": {""name"": ""analyze_codebase"", ""type"": ""goal""}}","{""confidence"": 0.95, ""match"": false}"
2025-12-30T04:39:41.362725+00:00,6959cd92-7e9a-4bd6-a17d-e701f1353cda,4,task,False,0.95,False,False,True,True,,llm_batch,"{""domain"": ""code_analysis"", ""type"": ""task""}","{""allocated_resources"": [], ""attempts"": 0, ""children"": [""minimize_cognitive_dissonance"", ""implement_cognitive_reasoning""], ""created_at"": ""2025-12-30T04:39:13.893986+00:00"", ""dependencies"": [], ""description"": ""Be a helpful, capable cognitive assistant that can reason, learn, and solve problems"", ""failure_conditions"": [], ""goal_type"": ""maintain"", ""last_updated"": ""2025-12-30T04:39:13.893991+00:00"", ""max_attempts"": 3, ""metadata"": {}, ""name"": ""be_helpful_cognitive_assistant"", ""parent"": null, ""priority"": 1.0, ""progress"": null, ""required_resources"": [], ""status"": ""active"", ""success_conditions"": [], ""tags"": []}",f9822d6cc7ea26ea4a4803c265a182beaaf26e4d2373283cdde39f139cf97f59,5a521c4251167b7041fcbeeb010d9c8e15f530ed19b64fec3c3c1957a88598bc,"{""item"": {""allocated_resources"": [], ""attempts"": 0, ""children"": [""minimize_cognitive_dissonance"", ""implement_cognitive_reasoning""], ""created_at"": ""2025-12-30T04:39:13.893986+00:00"", ""dependencies"": [], ""description"": ""Be a helpful, capable cognitive assistant that can reason, learn, and solve problems"", ""failure_conditions"": [], ""goal_type"": ""maintain"", ""last_updated"": ""2025-12-30T04:39:13.893991+00:00"", ""max_attempts"": 3, ""metadata"": {}, ""name"": ""be_helpful_cognitive_assistant"", ""parent"": null, ""priority"": 1.0, ""progress"": null, ""required_resources"": [], ""status"": ""active"", ""success_conditions"": [], ""tags"": []}, ""pattern"": {""domain"": ""code_analysis"", ""type"": ""task""}}","{""confidence"": 0.95, ""match"": false}"
2025-12-30T04:39:41.362939+00:00,6959cd92-7e9a-4bd6-a17d-e701f1353cda,5,task,False,0.95,False,False,True,True,,llm_batch,"{""domain"": ""code_analysis"", ""type"": ""task""}","{""allocated_resources"": [], ""attempts"": 0, ""children"": [], ""created_at"": ""2025-12-30T04:39:14.539782+00:00"", ""dependencies"": [], ""description"": ""Maintain alignment with self-model by minimizing cognitive dissonance across all dimensions (logical, factual, behavioral, goal-based)"", ""failure_conditions"": [], ""goal_type"": ""maintain"", ""last_updated"": ""2025-12-30T04:39:14.539787+00:00"", ""max_attempts"": 3, ""metadata"": {}, ""name"": ""minimize_cognitive_dissonance"", ""parent"": ""be_helpful_cognitive_assistant"", ""priority"": 1.0, ""progress"": null, ""required_resources"": [], ""status"": ""active"", ""success_conditions"": [{""operator"": ""<"", ""type"": ""overall_dissonance"", ""value"": 0.2}, {""operator"": ""=="", ""type"": ""no_critical_dissonance"", ""value"": true}], ""tags"": []}",f9822d6cc7ea26ea4a4803c265a182beaaf26e4d2373283cdde39f139cf97f59,fbaad7d52d86e72dfd9d0bec878715171a01e21bfdb3e555e2f59bbc188debb1,"{""item"": {""allocated_resources"": [], ""attempts"": 0, ""children"": [], ""created_at"": ""2025-12-30T04:39:14.539782+00:00"", ""dependencies"": [], ""description"": ""Maintain alignment with self-model by minimizing cognitive dissonance across all dimensions (logical, factual, behavioral, goal-based)"", ""failure_conditions"": [], ""goal_type"": ""maintain"", ""last_updated"": ""2025-12-30T04:39:14.539787+00:00"", ""max_attempts"": 3, ""metadata"": {}, ""name"": ""minimize_cognitive_dissonance"", ""parent"": ""be_helpful_cognitive_assistant"", ""priority"": 1.0, ""progress"": null, ""required_resources"": [], ""status"": ""active"", ""success_conditions"": [{""operator"": ""<"", ""type"": ""overall_dissonance"", ""value"": 0.2}, {""operator"": ""=="", ""type"": ""no_critical_dissonance"", ""value"": true}], ""tags"": []}, ""pattern"": {""domain"": ""code_analysis"", ""type"": ""task""}}","{""confidence"": 0.95, ""match"": false}"
2025-12-30T04:39:41.363180+00:00,6959cd92-7e9a-4bd6-a17d-e701f1353cda,6,task,False,0.95,False,False,True,True,,llm_batch,"{""domain"": ""code_analysis"", ""type"": ""task""}","{""allocated_resources"": [], ""attempts"": 0, ""children"": [], ""created_at"": ""2025-12-30T04:39:15.052431+00:00"", ""dependencies"": [], ""description"": ""Implement production rule system and cognitive reasoning capabilities"", ""failure_conditions"": [], ""goal_type"": ""achieve"", ""last_updated"": ""2025-12-30T04:39:15.052435+00:00"", ""max_attempts"": 3, ""metadata"": {}, ""name"": ""implement_cognitive_reasoning"", ""parent"": ""be_helpful_cognitive_assistant"", ""priority"": 0.9, ""progress"": null, ""required_resources"": [], ""status"": ""active"", ""success_conditions"": [], ""tags"": []}",f9822d6cc7ea26ea4a4803c265a182beaaf26e4d2373283cdde39f139cf97f59,fe97dbeea258199800f60e5843daa740ebf394a5b9e1d1590f03efa522b79524,"{""item"": {""allocated_resources"": [], ""attempts"": 0, ""children"": [], ""created_at"": ""2025-12-30T04:39:15.052431+00:00"", ""dependencies"": [], ""description"": ""Implement production rule system and cognitive reasoning capabilities"", ""failure_conditions"": [], ""goal_type"": ""achieve"", ""last_updated"": ""2025-12-30T04:39:15.052435+00:00"", ""max_attempts"": 3, ""metadata"": {}, ""name"": ""implement_cognitive_reasoning"", ""parent"": ""be_helpful_cognitive_assistant"", ""priority"": 0.9, ""progress"": null, ""required_resources"": [], ""status"": ""active"", ""success_conditions"": [], ""tags"": []}, ""pattern"": {""domain"": ""code_analysis"", ""type"": ""task""}}","{""confidence"": 0.95, ""match"": false}"
2025-12-30T04:39:41.363383+00:00,6959cd92-7e9a-4bd6-a17d-e701f1353cda,7,task,False,0.75,False,False,True,True,,llm_batch,"{""domain"": ""code_analysis"", ""type"": ""task""}",{},f9822d6cc7ea26ea4a4803c265a182beaaf26e4d2373283cdde39f139cf97f59,44136fa355b3678a1146ad16f7e8649e94fb4fc21fe77e8310c060f61caaff8a,"{""item"": {}, ""pattern"": {""domain"": ""code_analysis"", ""type"": ""task""}}","{""confidence"": 0.75, ""match"": false}"
2025-12-30T04:39:41.363568+00:00,6959cd92-7e9a-4bd6-a17d-e701f1353cda,8,task,False,0.6,False,False,True,True,,llm_batch,"{""needs_information"": true, ""type"": ""task""}","{""allocated_resources"": [], ""attempts"": 0, ""children"": [""minimize_cognitive_dissonance"", ""implement_cognitive_reasoning""], ""created_at"": ""2025-12-30T04:39:13.893986+00:00"", ""dependencies"": [], ""description"": ""Be a helpful, capable cognitive assistant that can reason, learn, and solve problems"", ""failure_conditions"": [], ""goal_type"": ""maintain"", ""last_updated"": ""2025-12-30T04:39:13.893991+00:00"", ""max_attempts"": 3, ""metadata"": {}, ""name"": ""be_helpful_cognitive_assistant"", ""parent"": null, ""priority"": 1.0, ""progress"": null, ""required_resources"": [], ""status"": ""active"", ""success_conditions"": [], ""tags"": []}",1d90adb7418631158747666cdb2de0b30dfbad7a4a45c978b9eeb4d782494a27,5a521c4251167b7041fcbeeb010d9c8e15f530ed19b64fec3c3c1957a88598bc,"{""item"": {""allocated_resources"": [], ""attempts"": 0, ""children"": [""minimize_cognitive_dissonance"", ""implement_cognitive_reasoning""], ""created_at"": ""2025-12-30T04:39:13.893986+00:00"", ""dependencies"": [], ""description"": ""Be a helpful, capable cognitive assistant that can reason, learn, and solve problems"", ""failure_conditions"": [], ""goal_type"": ""maintain"", ""last_updated"": ""2025-12-30T04:39:13.893991+00:00"", ""max_attempts"": 3, ""metadata"": {}, ""name"": ""be_helpful_cognitive_assistant"", ""parent"": null, ""priority"": 1.0, ""progress"": null, ""required_resources"": [], ""status"": ""active"", ""success_conditions"": [], ""tags"": []}, ""pattern"": {""needs_information"": true, ""type"": ""task""}}","{""confidence"": 0.6, ""match"": false}"
2025-12-30T04:39:41.363782+00:00,6959cd92-7e9a-4bd6-a17d-e701f1353cda,9,task,False,0.6,False,False,True,True,,llm_batch,"{""needs_information"": true, ""type"": ""task""}","{""allocated_resources"": [], ""attempts"": 0, ""children"": [], ""created_at"": ""2025-12-30T04:39:14.539782+00:00"", ""dependencies"": [], ""description"": ""Maintain alignment with self-model by minimizing cognitive dissonance across all dimensions (logical, factual, behavioral, goal-based)"", ""failure_conditions"": [], ""goal_type"": ""maintain"", ""last_updated"": ""2025-12-30T04:39:14.539787+00:00"", ""max_attempts"": 3, ""metadata"": {}, ""name"": ""minimize_cognitive_dissonance"", ""parent"": ""be_helpful_cognitive_assistant"", ""priority"": 1.0, ""progress"": null, ""required_resources"": [], ""status"": ""active"", ""success_conditions"": [{""operator"": ""<"", ""type"": ""overall_dissonance"", ""value"": 0.2}, {""operator"": ""=="", ""type"": ""no_critical_dissonance"", ""value"": true}], ""tags"": []}",1d90adb7418631158747666cdb2de0b30dfbad7a4a45c978b9eeb4d782494a27,fbaad7d52d86e72dfd9d0bec878715171a01e21bfdb3e555e2f59bbc188debb1,"{""item"": {""allocated_resources"": [], ""attempts"": 0, ""children"": [], ""created_at"": ""2025-12-30T04:39:14.539782+00:00"", ""dependencies"": [], ""description"": ""Maintain alignment with self-model by minimizing cognitive dissonance across all dimensions (logical, factual, behavioral, goal-based)"", ""failure_conditions"": [], ""goal_type"": ""maintain"", ""last_updated"": ""2025-12-30T04:39:14.539787+00:00"", ""max_attempts"": 3, ""metadata"": {}, ""name"": ""minimize_cognitive_dissonance"", ""parent"": ""be_helpful_cognitive_assistant"", ""priority"": 1.0, ""progress"": null, ""required_resources"": [], ""status"": ""active"", ""success_conditions"": [{""operator"": ""<"", ""type"": ""overall_dissonance"", ""value"": 0.2}, {""operator"": ""=="", ""type"": ""no_critical_dissonance"", ""value"": true}], ""tags"": []}, ""pattern"": {""needs_information"": true, ""type"": ""task""}}","{""confidence"": 0.6, ""match"": false}"
2025-12-30T04:40:32.571990+00:00,aca4a8a7-b411-41bf-a565-f293f9cc6f04,0,goal,False,0.6,False,False,True,True,,llm_batch,"{""name"": ""analyze_codebase"", ""type"": ""goal""}","{""allocated_resources"": [], ""attempts"": 0, ""children"": [""minimize_cognitive_dissonance"", ""implement_cognitive_reasoning""], ""created_at"": ""2025-12-30T04:40:09.497593+00:00"", ""dependencies"": [], ""description"": ""Be a helpful, capable cognitive assistant that can reason, learn, and solve problems"", ""failure_conditions"": [], ""goal_type"": ""maintain"", ""last_updated"": ""2025-12-30T04:40:09.497598+00:00"", ""max_attempts"": 3, ""metadata"": {}, ""name"": ""be_helpful_cognitive_assistant"", ""parent"": null, ""priority"": 1.0, ""progress"": null, ""required_resources"": [], ""status"": ""active"", ""success_conditions"": [], ""tags"": []}",4b7edd1ddf4c3a9a90f9c43b2bf6955f12bf25d68a34f62cff996c0a7c7a1a61,4b174a41073f6211eb05624b11ad75aabeac4c12d86ed5156c18a74bfa8e5329,"{""item"": {""allocated_resources"": [], ""attempts"": 0, ""children"": [""minimize_cognitive_dissonance"", ""implement_cognitive_reasoning""], ""created_at"": ""2025-12-30T04:40:09.497593+00:00"", ""dependencies"": [], ""description"": ""Be a helpful, capable cognitive assistant that can reason, learn, and solve problems"", ""failure_conditions"": [], ""goal_type"": ""maintain"", ""last_updated"": ""2025-12-30T04:40:09.497598+00:00"", ""max_attempts"": 3, ""metadata"": {}, ""name"": ""be_helpful_cognitive_assistant"", ""parent"": null, ""priority"": 1.0, ""progress"": null, ""required_resources"": [], ""status"": ""active"", ""success_conditions"": [], ""tags"": []}, ""pattern"": {""name"": ""analyze_codebase"", ""type"": ""goal""}}","{""confidence"": 0.6, ""match"": false}"
2025-12-30T04:40:32.572245+00:00,aca4a8a7-b411-41bf-a565-f293f9cc6f04,1,goal,False,0.6,False,False,True,True,,llm_batch,"{""name"": ""analyze_codebase"", ""type"": ""goal""}","{""allocated_resources"": [], ""attempts"": 0, ""children"": [], ""created_at"": ""2025-12-30T04:40:10.040712+00:00"", ""dependencies"": [], ""description"": ""Maintain alignment with self-model by minimizing cognitive dissonance across all dimensions (logical, factual, behavioral, goal-based)"", ""failure_conditions"": [], ""goal_type"": ""maintain"", ""last_updated"": ""2025-12-30T04:40:10.040717+00:00"", ""max_attempts"": 3, ""metadata"": {}, ""name"": ""minimize_cognitive_dissonance"", ""parent"": ""be_helpful_cognitive_assistant"", ""priority"": 1.0, ""progress"": null, ""required_resources"": [], ""status"": ""active"", ""success_conditions"": [{""operator"": ""<"", ""type"": ""overall_dissonance"", ""value"": 0.2}, {""operator"": ""=="", ""type"": ""no_critical_dissonance"", ""value"": true}], ""tags"": []}",4b7edd1ddf4c3a9a90f9c43b2bf6955f12bf25d68a34f62cff996c0a7c7a1a61,8e33514ff909f957d343572750293f5fa3937696e2e242dbc88b5f183d0c9d8d,"{""item"": {""allocated_resources"": [], ""attempts"": 0, ""children"": [], ""created_at"": ""2025-12-30T04:40:10.040712+00:00"", ""dependencies"": [], ""description"": ""Maintain alignment with self-model by minimizing cognitive dissonance across all dimensions (logical, factual, behavioral, goal-based)"", ""failure_conditions"": [], ""goal_type"": ""maintain"", ""last_updated"": ""2025-12-30T04:40:10.040717+00:00"", ""max_attempts"": 3, ""metadata"": {}, ""name"": ""minimize_cognitive_dissonance"", ""parent"": ""be_helpful_cognitive_assistant"", ""priority"": 1.0, ""progress"": null, ""required_resources"": [], ""status"": ""active"", ""success_conditions"": [{""operator"": ""<"", ""type"": ""overall_dissonance"", ""value"": 0.2}, {""operator"": ""=="", ""type"": ""no_critical_dissonance"", ""value"": true}], ""tags"": []}, ""pattern"": {""name"": ""analyze_codebase"", ""type"": ""goal""}}","{""confidence"": 0.6, ""match"": false}"
2025-12-30T04:40:32.572453+00:00,aca4a8a7-b411-41bf-a565-f293f9cc6f04,2,goal,False,0.6,False,False,True,True,,llm_batch,"{""name"": ""analyze_codebase"", ""type"": ""goal""}","{""allocated_resources"": [], ""attempts"": 0, ""children"": [], ""created_at"": ""2025-12-30T04:40:10.550866+00:00"", ""dependencies"": [], ""description"": ""Implement production rule system and cognitive reasoning capabilities"", ""failure_conditions"": [], ""goal_type"": ""achieve"", ""last_updated"": ""2025-12-30T04:40:10.550869+00:00"", ""max_attempts"": 3, ""metadata"": {}, ""name"": ""implement_cognitive_reasoning"", ""parent"": ""be_helpful_cognitive_assistant"", ""priority"": 0.9, ""progress"": null, ""required_resources"": [], ""status"": ""active"", ""success_conditions"": [], ""tags"": []}",4b7edd1ddf4c3a9a90f9c43b2bf6955f12bf25d68a34f62cff996c0a7c7a1a61,5edd80de20e01b0e116920c7bd3df79f01e6be7dce117afc2670d5ec6d2efaa7,"{""item"": {""allocated_resources"": [], ""attempts"": 0, ""children"": [], ""created_at"": ""2025-12-30T04:40:10.550866+00:00"", ""dependencies"": [], ""description"": ""Implement production rule system and cognitive reasoning capabilities"", ""failure_conditions"": [], ""goal_type"": ""achieve"", ""last_updated"": ""2025-12-30T04:40:10.550869+00:00"", ""max_attempts"": 3, ""metadata"": {}, ""name"": ""implement_cognitive_reasoning"", ""parent"": ""be_helpful_cognitive_assistant"", ""priority"": 0.9, ""progress"": null, ""required_resources"": [], ""status"": ""active"", ""success_conditions"": [], ""tags"": []}, ""pattern"": {""name"": ""analyze_codebase"", ""type"": ""goal""}}","{""confidence"": 0.6, ""match"": false}"
2025-12-30T04:40:32.572633+00:00,aca4a8a7-b411-41bf-a565-f293f9cc6f04,3,goal,False,0.9,False,False,True,True,,llm_batch,"{""name"": ""analyze_codebase"", ""type"": ""goal""}",{},4b7edd1ddf4c3a9a90f9c43b2bf6955f12bf25d68a34f62cff996c0a7c7a1a61,44136fa355b3678a1146ad16f7e8649e94fb4fc21fe77e8310c060f61caaff8a,"{""item"": {}, ""pattern"": {""name"": ""analyze_codebase"", ""type"": ""goal""}}","{""confidence"": 0.9, ""match"": false}"
2025-12-30T04:40:32.572817+00:00,aca4a8a7-b411-41bf-a565-f293f9cc6f04,4,task,False,0.6,False,False,True,True,,llm_batch,"{""domain"": ""code_analysis"", ""type"": ""task""}","{""allocated_resources"": [], ""attempts"": 0, ""children"": [""minimize_cognitive_dissonance"", ""implement_cognitive_reasoning""], ""created_at"": ""2025-12-30T04:40:09.497593+00:00"", ""dependencies"": [], ""description"": ""Be a helpful, capable cognitive assistant that can reason, learn, and solve problems"", ""failure_conditions"": [], ""goal_type"": ""maintain"", ""last_updated"": ""2025-12-30T04:40:09.497598+00:00"", ""max_attempts"": 3, ""metadata"": {}, ""name"": ""be_helpful_cognitive_assistant"", ""parent"": null, ""priority"": 1.0, ""progress"": null, ""required_resources"": [], ""status"": ""active"", ""success_conditions"": [], ""tags"": []}",f9822d6cc7ea26ea4a4803c265a182beaaf26e4d2373283cdde39f139cf97f59,4b174a41073f6211eb05624b11ad75aabeac4c12d86ed5156c18a74bfa8e5329,"{""item"": {""allocated_resources"": [], ""attempts"": 0, ""children"": [""minimize_cognitive_dissonance"", ""implement_cognitive_reasoning""], ""created_at"": ""2025-12-30T04:40:09.497593+00:00"", ""dependencies"": [], ""description"": ""Be a helpful, capable cognitive assistant that can reason, learn, and solve problems"", ""failure_conditions"": [], ""goal_type"": ""maintain"", ""last_updated"": ""2025-12-30T04:40:09.497598+00:00"", ""max_attempts"": 3, ""metadata"": {}, ""name"": ""be_helpful_cognitive_assistant"", ""parent"": null, ""priority"": 1.0, ""progress"": null, ""required_resources"": [], ""status"": ""active"", ""success_conditions"": [], ""tags"": []}, ""pattern"": {""domain"": ""code_analysis"", ""type"": ""task""}}","{""confidence"": 0.6, ""match"": false}"
2025-12-30T04:40:32.573016+00:00,aca4a8a7-b411-41bf-a565-f293f9cc6f04,5,task,False,0.6,False,False,True,True,,llm_batch,"{""domain"": ""code_analysis"", ""type"": ""task""}","{""allocated_resources"": [], ""attempts"": 0, ""children"": [], ""created_at"": ""2025-12-30T04:40:10.040712+00:00"", ""dependencies"": [], ""description"": ""Maintain alignment with self-model by minimizing cognitive dissonance across all dimensions (logical, factual, behavioral, goal-based)"", ""failure_conditions"": [], ""goal_type"": ""maintain"", ""last_updated"": ""2025-12-30T04:40:10.040717+00:00"", ""max_attempts"": 3, ""metadata"": {}, ""name"": ""minimize_cognitive_dissonance"", ""parent"": ""be_helpful_cognitive_assistant"", ""priority"": 1.0, ""progress"": null, ""required_resources"": [], ""status"": ""active"", ""success_conditions"": [{""operator"": ""<"", ""type"": ""overall_dissonance"", ""value"": 0.2}, {""operator"": ""=="", ""type"": ""no_critical_dissonance"", ""value"": true}], ""tags"": []}",f9822d6cc7ea26ea4a4803c265a182beaaf26e4d2373283cdde39f139cf97f59,8e33514ff909f957d343572750293f5fa3937696e2e242dbc88b5f183d0c9d8d,"{""item"": {""allocated_resources"": [], ""attempts"": 0, ""children"": [], ""created_at"": ""2025-12-30T04:40:10.040712+00:00"", ""dependencies"": [], ""description"": ""Maintain alignment with self-model by minimizing cognitive dissonance across all dimensions (logical, factual, behavioral, goal-based)"", ""failure_conditions"": [], ""goal_type"": ""maintain"", ""last_updated"": ""2025-12-30T04:40:10.040717+00:00"", ""max_attempts"": 3, ""metadata"": {}, ""name"": ""minimize_cognitive_dissonance"", ""parent"": ""be_helpful_cognitive_assistant"", ""priority"": 1.0, ""progress"": null, ""required_resources"": [], ""status"": ""active"", ""success_conditions"": [{""operator"": ""<"", ""type"": ""overall_dissonance"", ""value"": 0.2}, {""operator"": ""=="", ""type"": ""no_critical_dissonance"", ""value"": true}], ""tags"": []}, ""pattern"": {""domain"": ""code_analysis"", ""type"": ""task""}}","{""confidence"": 0.6, ""match"": false}"
2025-12-30T04:40:32.573243+00:00,aca4a8a7-b411-41bf-a565-f293f9cc6f04,6,task,False,0.6,False,False,True,True,,llm_batch,"{""domain"": ""code_analysis"", ""type"": ""task""}","{""allocated_resources"": [], ""attempts"": 0, ""children"": [], ""created_at"": ""2025-12-30T04:40:10.550866+00:00"", ""dependencies"": [], ""description"": ""Implement production rule system and cognitive reasoning capabilities"", ""failure_conditions"": [], ""goal_type"": ""achieve"", ""last_updated"": ""2025-12-30T04:40:10.550869+00:00"", ""max_attempts"": 3, ""metadata"": {}, ""name"": ""implement_cognitive_reasoning"", ""parent"": ""be_helpful_cognitive_assistant"", ""priority"": 0.9, ""progress"": null, ""required_resources"": [], ""status"": ""active"", ""success_conditions"": [], ""tags"": []}",f9822d6cc7ea26ea4a4803c265a182beaaf26e4d2373283cdde39f139cf97f59,5edd80de20e01b0e116920c7bd3df79f01e6be7dce117afc2670d5ec6d2efaa7,"{""item"": {""allocated_resources"": [], ""attempts"": 0, ""children"": [], ""created_at"": ""2025-12-30T04:40:10.550866+00:00"", ""dependencies"": [], ""description"": ""Implement production rule system and cognitive reasoning capabilities"", ""failure_conditions"": [], ""goal_type"": ""achieve"", ""last_updated"": ""2025-12-30T04:40:10.550869+00:00"", ""max_attempts"": 3, ""metadata"": {}, ""name"": ""implement_cognitive_reasoning"", ""parent"": ""be_helpful_cognitive_assistant"", ""priority"": 0.9, ""progress"": null, ""required_resources"": [], ""status"": ""active"", ""success_conditions"": [], ""tags"": []}, ""pattern"": {""domain"": ""code_analysis"", ""type"": ""task""}}","{""confidence"": 0.6, ""match"": false}"
2025-12-30T04:40:32.573421+00:00,aca4a8a7-b411-41bf-a565-f293f9cc6f04,7,task,False,0.7,False,False,True,True,,llm_batch,"{""domain"": ""code_analysis"", ""type"": ""task""}",{},f9822d6cc7ea26ea4a4803c265a182beaaf26e4d2373283cdde39f139cf97f59,44136fa355b3678a1146ad16f7e8649e94fb4fc21fe77e8310c060f61caaff8a,"{""item"": {}, ""pattern"": {""domain"": ""code_analysis"", ""type"": ""task""}}","{""confidence"": 0.7, ""match"": false}"
2025-12-30T04:40:32.573590+00:00,aca4a8a7-b411-41bf-a565-f293f9cc6f04,8,task,False,0.6,False,False,True,True,,llm_batch,"{""needs_information"": true, ""type"": ""task""}","{""allocated_resources"": [], ""attempts"": 0, ""children"": [""minimize_cognitive_dissonance"", ""implement_cognitive_reasoning""], ""created_at"": ""2025-12-30T04:40:09.497593+00:00"", ""dependencies"": [], ""description"": ""Be a helpful, capable cognitive assistant that can reason, learn, and solve problems"", ""failure_conditions"": [], ""goal_type"": ""maintain"", ""last_updated"": ""2025-12-30T04:40:09.497598+00:00"", ""max_attempts"": 3, ""metadata"": {}, ""name"": ""be_helpful_cognitive_assistant"", ""parent"": null, ""priority"": 1.0, ""progress"": null, ""required_resources"": [], ""status"": ""active"", ""success_conditions"": [], ""tags"": []}",1d90adb7418631158747666cdb2de0b30dfbad7a4a45c978b9eeb4d782494a27,4b174a41073f6211eb05624b11ad75aabeac4c12d86ed5156c18a74bfa8e5329,"{""item"": {""allocated_resources"": [], ""attempts"": 0, ""children"": [""minimize_cognitive_dissonance"", ""implement_cognitive_reasoning""], ""created_at"": ""2025-12-30T04:40:09.497593+00:00"", ""dependencies"": [], ""description"": ""Be a helpful, capable cognitive assistant that can reason, learn, and solve problems"", ""failure_conditions"": [], ""goal_type"": ""maintain"", ""last_updated"": ""2025-12-30T04:40:09.497598+00:00"", ""max_attempts"": 3, ""metadata"": {}, ""name"": ""be_helpful_cognitive_assistant"", ""parent"": null, ""priority"": 1.0, ""progress"": null, ""required_resources"": [], ""status"": ""active"", ""success_conditions"": [], ""tags"": []}, ""pattern"": {""needs_information"": true, ""type"": ""task""}}","{""confidence"": 0.6, ""match"": false}"
2025-12-30T04:40:32.573780+00:00,aca4a8a7-b411-41bf-a565-f293f9cc6f04,9,task,False,0.6,False,False,True,True,,llm_batch,"{""needs_information"": true, ""type"": ""task""}","{""allocated_resources"": [], ""attempts"": 0, ""children"": [], ""created_at"": ""2025-12-30T04:40:10.040712+00:00"", ""dependencies"": [], ""description"": ""Maintain alignment with self-model by minimizing cognitive dissonance across all dimensions (logical, factual, behavioral, goal-based)"", ""failure_conditions"": [], ""goal_type"": ""maintain"", ""last_updated"": ""2025-12-30T04:40:10.040717+00:00"", ""max_attempts"": 3, ""metadata"": {}, ""name"": ""minimize_cognitive_dissonance"", ""parent"": ""be_helpful_cognitive_assistant"", ""priority"": 1.0, ""progress"": null, ""required_resources"": [], ""status"": ""active"", ""success_conditions"": [{""operator"": ""<"", ""type"": ""overall_dissonance"", ""value"": 0.2}, {""operator"": ""=="", ""type"": ""no_critical_dissonance"", ""value"": true}], ""tags"": []}",1d90adb7418631158747666cdb2de0b30dfbad7a4a45c978b9eeb4d782494a27,8e33514ff909f957d343572750293f5fa3937696e2e242dbc88b5f183d0c9d8d,"{""item"": {""allocated_resources"": [], ""attempts"": 0, ""children"": [], ""created_at"": ""2025-12-30T04:40:10.040712+00:00"", ""dependencies"": [], ""description"": ""Maintain alignment with self-model by minimizing cognitive dissonance across all dimensions (logical, factual, behavioral, goal-based)"", ""failure_conditions"": [], ""goal_type"": ""maintain"", ""last_updated"": ""2025-12-30T04:40:10.040717+00:00"", ""max_attempts"": 3, ""metadata"": {}, ""name"": ""minimize_cognitive_dissonance"", ""parent"": ""be_helpful_cognitive_assistant"", ""priority"": 1.0, ""progress"": null, ""required_resources"": [], ""status"": ""active"", ""success_conditions"": [{""operator"": ""<"", ""type"": ""overall_dissonance"", ""value"": 0.2}, {""operator"": ""=="", ""type"": ""no_critical_dissonance"", ""value"": true}], ""tags"": []}, ""pattern"": {""needs_information"": true, ""type"": ""task""}}","{""confidence"": 0.6, ""match"": false}"
2025-12-30T04:40:54.576204+00:00,3c896290-17b1-4831-afef-ee5039df81c0,0,goal,False,0.85,False,False,True,True,,llm_batch,"{""name"": ""analyze_codebase"", ""type"": ""goal""}","{""allocated_resources"": [], ""attempts"": 0, ""children"": [""minimize_cognitive_dissonance"", ""implement_cognitive_reasoning""], ""created_at"": ""2025-12-30T04:40:40.150201+00:00"", ""dependencies"": [], ""description"": ""Be a helpful, capable cognitive assistant that can reason, learn, and solve problems"", ""failure_conditions"": [], ""goal_type"": ""maintain"", ""last_updated"": ""2025-12-30T04:40:40.150205+00:00"", ""max_attempts"": 3, ""metadata"": {}, ""name"": ""be_helpful_cognitive_assistant"", ""parent"": null, ""priority"": 1.0, ""progress"": null, ""required_resources"": [], ""status"": ""active"", ""success_conditions"": [], ""tags"": []}",4b7edd1ddf4c3a9a90f9c43b2bf6955f12bf25d68a34f62cff996c0a7c7a1a61,523a143a210d4022e21d12b0a51a6fddeceb51e10520ebca8147a4f97e318dbc,"{""item"": {""allocated_resources"": [], ""attempts"": 0, ""children"": [""minimize_cognitive_dissonance"", ""implement_cognitive_reasoning""], ""created_at"": ""2025-12-30T04:40:40.150201+00:00"", ""dependencies"": [], ""description"": ""Be a helpful, capable cognitive assistant that can reason, learn, and solve problems"", ""failure_conditions"": [], ""goal_type"": ""maintain"", ""last_updated"": ""2025-12-30T04:40:40.150205+00:00"", ""max_attempts"": 3, ""metadata"": {}, ""name"": ""be_helpful_cognitive_assistant"", ""parent"": null, ""priority"": 1.0, ""progress"": null, ""required_resources"": [], ""status"": ""active"", ""success_conditions"": [], ""tags"": []}, ""pattern"": {""name"": ""analyze_codebase"", ""type"": ""goal""}}","{""confidence"": 0.85, ""match"": false}"
2025-12-30T04:40:54.576418+00:00,3c896290-17b1-4831-afef-ee5039df81c0,1,goal,False,0.85,False,False,True,True,,llm_batch,"{""name"": ""analyze_codebase"", ""type"": ""goal""}","{""allocated_resources"": [], ""attempts"": 0, ""children"": [], ""created_at"": ""2025-12-30T04:40:40.762386+00:00"", ""dependencies"": [], ""description"": ""Maintain alignment with self-model by minimizing cognitive dissonance across all dimensions (logical, factual, behavioral, goal-based)"", ""failure_conditions"": [], ""goal_type"": ""maintain"", ""last_updated"": ""2025-12-30T04:40:40.762392+00:00"", ""max_attempts"": 3, ""metadata"": {}, ""name"": ""minimize_cognitive_dissonance"", ""parent"": ""be_helpful_cognitive_assistant"", ""priority"": 1.0, ""progress"": null, ""required_resources"": [], ""status"": ""active"", ""success_conditions"": [{""operator"": ""<"", ""type"": ""overall_dissonance"", ""value"": 0.2}, {""operator"": ""=="", ""type"": ""no_critical_dissonance"", ""value"": true}], ""tags"": []}",4b7edd1ddf4c3a9a90f9c43b2bf6955f12bf25d68a34f62cff996c0a7c7a1a61,4eb5bc4d28f7418b5687c80a9c05b3ac30fb50f5820f5c200f42ee8efb88d857,"{""item"": {""allocated_resources"": [], ""attempts"": 0, ""children"": [], ""created_at"": ""2025-12-30T04:40:40.762386+00:00"", ""dependencies"": [], ""description"": ""Maintain alignment with self-model by minimizing cognitive dissonance across all dimensions (logical, factual, behavioral, goal-based)"", ""failure_conditions"": [], ""goal_type"": ""maintain"", ""last_updated"": ""2025-12-30T04:40:40.762392+00:00"", ""max_attempts"": 3, ""metadata"": {}, ""name"": ""minimize_cognitive_dissonance"", ""parent"": ""be_helpful_cognitive_assistant"", ""priority"": 1.0, ""progress"": null, ""required_resources"": [], ""status"": ""active"", ""success_conditions"": [{""operator"": ""<"", ""type"": ""overall_dissonance"", ""value"": 0.2}, {""operator"": ""=="", ""type"": ""no_critical_dissonance"", ""value"": true}], ""tags"": []}, ""pattern"": {""name"": ""analyze_codebase"", ""type"": ""goal""}}","{""confidence"": 0.85, ""match"": false}"
2025-12-30T04:40:54.576628+00:00,3c896290-17b1-4831-afef-ee5039df81c0,2,goal,False,0.85,False,False,True,True,,llm_batch,"{""name"": ""analyze_codebase"", ""type"": ""goal""}","{""allocated_resources"": [], ""attempts"": 0, ""children"": [], ""created_at"": ""2025-12-30T04:40:41.073818+00:00"", ""dependencies"": [], ""description"": ""Implement production rule system and cognitive reasoning capabilities"", ""failure_conditions"": [], ""goal_type"": ""achieve"", ""last_updated"": ""2025-12-30T04:40:41.073821+00:00"", ""max_attempts"": 3, ""metadata"": {}, ""name"": ""implement_cognitive_reasoning"", ""parent"": ""be_helpful_cognitive_assistant"", ""priority"": 0.9, ""progress"": null, ""required_resources"": [], ""status"": ""active"", ""success_conditions"": [], ""tags"": []}",4b7edd1ddf4c3a9a90f9c43b2bf6955f12bf25d68a34f62cff996c0a7c7a1a61,a42e61f08799a3cf68a6de882b61ff3604b385fa4a636f0134fd7a58a3d0e211,"{""item"": {""allocated_resources"": [], ""attempts"": 0, ""children"": [], ""created_at"": ""2025-12-30T04:40:41.073818+00:00"", ""dependencies"": [], ""description"": ""Implement production rule system and cognitive reasoning capabilities"", ""failure_conditions"": [], ""goal_type"": ""achieve"", ""last_updated"": ""2025-12-30T04:40:41.073821+00:00"", ""max_attempts"": 3, ""metadata"": {}, ""name"": ""implement_cognitive_reasoning"", ""parent"": ""be_helpful_cognitive_assistant"", ""priority"": 0.9, ""progress"": null, ""required_resources"": [], ""status"": ""active"", ""success_conditions"": [], ""tags"": []}, ""pattern"": {""name"": ""analyze_codebase"", ""type"": ""goal""}}","{""confidence"": 0.85, ""match"": false}"
2025-12-30T04:40:54.576815+00:00,3c896290-17b1-4831-afef-ee5039df81c0,3,goal,False,0.85,False,False,True,True,,llm_batch,"{""name"": ""analyze_codebase"", ""type"": ""goal""}",{},4b7edd1ddf4c3a9a90f9c43b2bf6955f12bf25d68a34f62cff996c0a7c7a1a61,44136fa355b3678a1146ad16f7e8649e94fb4fc21fe77e8310c060f61caaff8a,"{""item"": {}, ""pattern"": {""name"": ""analyze_codebase"", ""type"": ""goal""}}","{""confidence"": 0.85, ""match"": false}"
2025-12-30T04:40:54.576981+00:00,3c896290-17b1-4831-afef-ee5039df81c0,4,task,False,0.85,False,False,True,True,,llm_batch,"{""domain"": ""code_analysis"", ""type"": ""task""}","{""allocated_resources"": [], ""attempts"": 0, ""children"": [""minimize_cognitive_dissonance"", ""implement_cognitive_reasoning""], ""created_at"": ""2025-12-30T04:40:40.150201+00:00"", ""dependencies"": [], ""description"": ""Be a helpful, capable cognitive assistant that can reason, learn, and solve problems"", ""failure_conditions"": [], ""goal_type"": ""maintain"", ""last_updated"": ""2025-12-30T04:40:40.150205+00:00"", ""max_attempts"": 3, ""metadata"": {}, ""name"": ""be_helpful_cognitive_assistant"", ""parent"": null, ""priority"": 1.0, ""progress"": null, ""required_resources"": [], ""status"": ""active"", ""success_conditions"": [], ""tags"": []}",f9822d6cc7ea26ea4a4803c265a182beaaf26e4d2373283cdde39f139cf97f59,523a143a210d4022e21d12b0a51a6fddeceb51e10520ebca8147a4f97e318dbc,"{""item"": {""allocated_resources"": [], ""attempts"": 0, ""children"": [""minimize_cognitive_dissonance"", ""implement_cognitive_reasoning""], ""created_at"": ""2025-12-30T04:40:40.150201+00:00"", ""dependencies"": [], ""description"": ""Be a helpful, capable cognitive assistant that can reason, learn, and solve problems"", ""failure_conditions"": [], ""goal_type"": ""maintain"", ""last_updated"": ""2025-12-30T04:40:40.150205+00:00"", ""max_attempts"": 3, ""metadata"": {}, ""name"": ""be_helpful_cognitive_assistant"", ""parent"": null, ""priority"": 1.0, ""progress"": null, ""required_resources"": [], ""status"": ""active"", ""success_conditions"": [], ""tags"": []}, ""pattern"": {""domain"": ""code_analysis"", ""type"": ""task""}}","{""confidence"": 0.85, ""match"": false}"
2025-12-30T04:40:54.577201+00:00,3c896290-17b1-4831-afef-ee5039df81c0,5,task,False,0.85,False,False,True,True,,llm_batch,"{""domain"": ""code_analysis"", ""type"": ""task""}","{""allocated_resources"": [], ""attempts"": 0, ""children"": [], ""created_at"": ""2025-12-30T04:40:40.762386+00:00"", ""dependencies"": [], ""description"": ""Maintain alignment with self-model by minimizing cognitive dissonance across all dimensions (logical, factual, behavioral, goal-based)"", ""failure_conditions"": [], ""goal_type"": ""maintain"", ""last_updated"": ""2025-12-30T04:40:40.762392+00:00"", ""max_attempts"": 3, ""metadata"": {}, ""name"": ""minimize_cognitive_dissonance"", ""parent"": ""be_helpful_cognitive_assistant"", ""priority"": 1.0, ""progress"": null, ""required_resources"": [], ""status"": ""active"", ""success_conditions"": [{""operator"": ""<"", ""type"": ""overall_dissonance"", ""value"": 0.2}, {""operator"": ""=="", ""type"": ""no_critical_dissonance"", ""value"": true}], ""tags"": []}",f9822d6cc7ea26ea4a4803c265a182beaaf26e4d2373283cdde39f139cf97f59,4eb5bc4d28f7418b5687c80a9c05b3ac30fb50f5820f5c200f42ee8efb88d857,"{""item"": {""allocated_resources"": [], ""attempts"": 0, ""children"": [], ""created_at"": ""2025-12-30T04:40:40.762386+00:00"", ""dependencies"": [], ""description"": ""Maintain alignment with self-model by minimizing cognitive dissonance across all dimensions (logical, factual, behavioral, goal-based)"", ""failure_conditions"": [], ""goal_type"": ""maintain"", ""last_updated"": ""2025-12-30T04:40:40.762392+00:00"", ""max_attempts"": 3, ""metadata"": {}, ""name"": ""minimize_cognitive_dissonance"", ""parent"": ""be_helpful_cognitive_assistant"", ""priority"": 1.0, ""progress"": null, ""required_resources"": [], ""status"": ""active"", ""success_conditions"": [{""operator"": ""<"", ""type"": ""overall_dissonance"", ""value"": 0.2}, {""operator"": ""=="", ""type"": ""no_critical_dissonance"", ""value"": true}], ""tags"": []}, ""pattern"": {""domain"": ""code_analysis"", ""type"": ""task""}}","{""confidence"": 0.85, ""match"": false}"
2025-12-30T04:40:54.577403+00:00,3c896290-17b1-4831-afef-ee5039df81c0,6,task,False,0.85,False,False,True,True,,llm_batch,"{""domain"": ""code_analysis"", ""type"": ""task""}","{""allocated_resources"": [], ""attempts"": 0, ""children"": [], ""created_at"": ""2025-12-30T04:40:41.073818+00:00"", ""dependencies"": [], ""description"": ""Implement production rule system and cognitive reasoning capabilities"", ""failure_conditions"": [], ""goal_type"": ""achieve"", ""last_updated"": ""2025-12-30T04:40:41.073821+00:00"", ""max_attempts"": 3, ""metadata"": {}, ""name"": ""implement_cognitive_reasoning"", ""parent"": ""be_helpful_cognitive_assistant"", ""priority"": 0.9, ""progress"": null, ""required_resources"": [], ""status"": ""active"", ""success_conditions"": [], ""tags"": []}",f9822d6cc7ea26ea4a4803c265a182beaaf26e4d2373283cdde39f139cf97f59,a42e61f08799a3cf68a6de882b61ff3604b385fa4a636f0134fd7a58a3d0e211,"{""item"": {""allocated_resources"": [], ""attempts"": 0, ""children"": [], ""created_at"": ""2025-12-30T04:40:41.073818+00:00"", ""dependencies"": [], ""description"": ""Implement production rule system and cognitive reasoning capabilities"", ""failure_conditions"": [], ""goal_type"": ""achieve"", ""last_updated"": ""2025-12-30T04:40:41.073821+00:00"", ""max_attempts"": 3, ""metadata"": {}, ""name"": ""implement_cognitive_reasoning"", ""parent"": ""be_helpful_cognitive_assistant"", ""priority"": 0.9, ""progress"": null, ""required_resources"": [], ""status"": ""active"", ""success_conditions"": [], ""tags"": []}, ""pattern"": {""domain"": ""code_analysis"", ""type"": ""task""}}","{""confidence"": 0.85, ""match"": false}"
2025-12-30T04:40:54.577589+00:00,3c896290-17b1-4831-afef-ee5039df81c0,7,task,False,0.85,False,False,True,True,,llm_batch,"{""domain"": ""code_analysis"", ""type"": ""task""}",{},f9822d6cc7ea26ea4a4803c265a182beaaf26e4d2373283cdde39f139cf97f59,44136fa355b3678a1146ad16f7e8649e94fb4fc21fe77e8310c060f61caaff8a,"{""item"": {}, ""pattern"": {""domain"": ""code_analysis"", ""type"": ""task""}}","{""confidence"": 0.85, ""match"": false}"
2025-12-30T04:40:54.577749+00:00,3c896290-17b1-4831-afef-ee5039df81c0,8,task,False,0.85,False,False,True,True,,llm_batch,"{""needs_information"": true, ""type"": ""task""}","{""allocated_resources"": [], ""attempts"": 0, ""children"": [""minimize_cognitive_dissonance"", ""implement_cognitive_reasoning""], ""created_at"": ""2025-12-30T04:40:40.150201+00:00"", ""dependencies"": [], ""description"": ""Be a helpful, capable cognitive assistant that can reason, learn, and solve problems"", ""failure_conditions"": [], ""goal_type"": ""maintain"", ""last_updated"": ""2025-12-30T04:40:40.150205+00:00"", ""max_attempts"": 3, ""metadata"": {}, ""name"": ""be_helpful_cognitive_assistant"", ""parent"": null, ""priority"": 1.0, ""progress"": null, ""required_resources"": [], ""status"": ""active"", ""success_conditions"": [], ""tags"": []}",1d90adb7418631158747666cdb2de0b30dfbad7a4a45c978b9eeb4d782494a27,523a143a210d4022e21d12b0a51a6fddeceb51e10520ebca8147a4f97e318dbc,"{""item"": {""allocated_resources"": [], ""attempts"": 0, ""children"": [""minimize_cognitive_dissonance"", ""implement_cognitive_reasoning""], ""created_at"": ""2025-12-30T04:40:40.150201+00:00"", ""dependencies"": [], ""description"": ""Be a helpful, capable cognitive assistant that can reason, learn, and solve problems"", ""failure_conditions"": [], ""goal_type"": ""maintain"", ""last_updated"": ""2025-12-30T04:40:40.150205+00:00"", ""max_attempts"": 3, ""metadata"": {}, ""name"": ""be_helpful_cognitive_assistant"", ""parent"": null, ""priority"": 1.0, ""progress"": null, ""required_resources"": [], ""status"": ""active"", ""success_conditions"": [], ""tags"": []}, ""pattern"": {""needs_information"": true, ""type"": ""task""}}","{""confidence"": 0.85, ""match"": false}"
2025-12-30T04:40:54.577935+00:00,3c896290-17b1-4831-afef-ee5039df81c0,9,task,False,0.85,False,False,True,True,,llm_batch,"{""needs_information"": true, ""type"": ""task""}","{""allocated_resources"": [], ""attempts"": 0, ""children"": [], ""created_at"": ""2025-12-30T04:40:40.762386+00:00"", ""dependencies"": [], ""description"": ""Maintain alignment with self-model by minimizing cognitive dissonance across all dimensions (logical, factual, behavioral, goal-based)"", ""failure_conditions"": [], ""goal_type"": ""maintain"", ""last_updated"": ""2025-12-30T04:40:40.762392+00:00"", ""max_attempts"": 3, ""metadata"": {}, ""name"": ""minimize_cognitive_dissonance"", ""parent"": ""be_helpful_cognitive_assistant"", ""priority"": 1.0, ""progress"": null, ""required_resources"": [], ""status"": ""active"", ""success_conditions"": [{""operator"": ""<"", ""type"": ""overall_dissonance"", ""value"": 0.2}, {""operator"": ""=="", ""type"": ""no_critical_dissonance"", ""value"": true}], ""tags"": []}",1d90adb7418631158747666cdb2de0b30dfbad7a4a45c978b9eeb4d782494a27,4eb5bc4d28f7418b5687c80a9c05b3ac30fb50f5820f5c200f42ee8efb88d857,"{""item"": {""allocated_resources"": [], ""attempts"": 0, ""children"": [], ""created_at"": ""2025-12-30T04:40:40.762386+00:00"", ""dependencies"": [], ""description"": ""Maintain alignment with self-model by minimizing cognitive dissonance across all dimensions (logical, factual, behavioral, goal-based)"", ""failure_conditions"": [], ""goal_type"": ""maintain"", ""last_updated"": ""2025-12-30T04:40:40.762392+00:00"", ""max_attempts"": 3, ""metadata"": {}, ""name"": ""minimize_cognitive_dissonance"", ""parent"": ""be_helpful_cognitive_assistant"", ""priority"": 1.0, ""progress"": null, ""required_resources"": [], ""status"": ""active"", ""success_conditions"": [{""operator"": ""<"", ""type"": ""overall_dissonance"", ""value"": 0.2}, {""operator"": ""=="", ""type"": ""no_critical_dissonance"", ""value"": true}], ""tags"": []}, ""pattern"": {""needs_information"": true, ""type"": ""task""}}","{""confidence"": 0.85, ""match"": false}"
2025-12-30T04:41:34.825377+00:00,00b19870-e9db-498f-89be-9838d84ffb08,0,goal,False,0.25,False,False,True,True,,llm_batch,"{""name"": ""analyze_codebase"", ""type"": ""goal""}","{""allocated_resources"": [], ""attempts"": 0, ""children"": [""minimize_cognitive_dissonance"", ""implement_cognitive_reasoning""], ""created_at"": ""2025-12-30T04:41:16.822206+00:00"", ""dependencies"": [], ""description"": ""Be a helpful, capable cognitive assistant that can reason, learn, and solve problems"", ""failure_conditions"": [], ""goal_type"": ""maintain"", ""last_updated"": ""2025-12-30T04:41:16.822211+00:00"", ""max_attempts"": 3, ""metadata"": {}, ""name"": ""be_helpful_cognitive_assistant"", ""parent"": null, ""priority"": 1.0, ""progress"": null, ""required_resources"": [], ""status"": ""active"", ""success_conditions"": [], ""tags"": []}",4b7edd1ddf4c3a9a90f9c43b2bf6955f12bf25d68a34f62cff996c0a7c7a1a61,1952d9f5f6a5cfa0c481c7fb6c4ccea5432ef9ddabb61cabcf63accf955c193e,"{""item"": {""allocated_resources"": [], ""attempts"": 0, ""children"": [""minimize_cognitive_dissonance"", ""implement_cognitive_reasoning""], ""created_at"": ""2025-12-30T04:41:16.822206+00:00"", ""dependencies"": [], ""description"": ""Be a helpful, capable cognitive assistant that can reason, learn, and solve problems"", ""failure_conditions"": [], ""goal_type"": ""maintain"", ""last_updated"": ""2025-12-30T04:41:16.822211+00:00"", ""max_attempts"": 3, ""metadata"": {}, ""name"": ""be_helpful_cognitive_assistant"", ""parent"": null, ""priority"": 1.0, ""progress"": null, ""required_resources"": [], ""status"": ""active"", ""success_conditions"": [], ""tags"": []}, ""pattern"": {""name"": ""analyze_codebase"", ""type"": ""goal""}}","{""confidence"": 0.25, ""match"": false}"
2025-12-30T04:41:34.825636+00:00,00b19870-e9db-498f-89be-9838d84ffb08,1,goal,False,0.25,False,False,True,True,,llm_batch,"{""name"": ""analyze_codebase"", ""type"": ""goal""}","{""allocated_resources"": [], ""attempts"": 0, ""children"": [], ""created_at"": ""2025-12-30T04:41:17.527754+00:00"", ""dependencies"": [], ""description"": ""Maintain alignment with self-model by minimizing cognitive dissonance across all dimensions (logical, factual, behavioral, goal-based)"", ""failure_conditions"": [], ""goal_type"": ""maintain"", ""last_updated"": ""2025-12-30T04:41:17.527758+00:00"", ""max_attempts"": 3, ""metadata"": {}, ""name"": ""minimize_cognitive_dissonance"", ""parent"": ""be_helpful_cognitive_assistant"", ""priority"": 1.0, ""progress"": null, ""required_resources"": [], ""status"": ""active"", ""success_conditions"": [{""operator"": ""<"", ""type"": ""overall_dissonance"", ""value"": 0.2}, {""operator"": ""=="", ""type"": ""no_critical_dissonance"", ""value"": true}], ""tags"": []}",4b7edd1ddf4c3a9a90f9c43b2bf6955f12bf25d68a34f62cff996c0a7c7a1a61,8345d6bf70f1e149e06d48284c48ed1dab2e093b4bbe763c35290acc1ba7b055,"{""item"": {""allocated_resources"": [], ""attempts"": 0, ""children"": [], ""created_at"": ""2025-12-30T04:41:17.527754+00:00"", ""dependencies"": [], ""description"": ""Maintain alignment with self-model by minimizing cognitive dissonance across all dimensions (logical, factual, behavioral, goal-based)"", ""failure_conditions"": [], ""goal_type"": ""maintain"", ""last_updated"": ""2025-12-30T04:41:17.527758+00:00"", ""max_attempts"": 3, ""metadata"": {}, ""name"": ""minimize_cognitive_dissonance"", ""parent"": ""be_helpful_cognitive_assistant"", ""priority"": 1.0, ""progress"": null, ""required_resources"": [], ""status"": ""active"", ""success_conditions"": [{""operator"": ""<"", ""type"": ""overall_dissonance"", ""value"": 0.2}, {""operator"": ""=="", ""type"": ""no_critical_dissonance"", ""value"": true}], ""tags"": []}, ""pattern"": {""name"": ""analyze_codebase"", ""type"": ""goal""}}","{""confidence"": 0.25, ""match"": false}"
2025-12-30T04:41:34.825880+00:00,00b19870-e9db-498f-89be-9838d84ffb08,2,goal,False,0.25,False,False,True,True,,llm_batch,"{""name"": ""analyze_codebase"", ""type"": ""goal""}","{""allocated_resources"": [], ""attempts"": 0, ""children"": [], ""created_at"": ""2025-12-30T04:41:18.032824+00:00"", ""dependencies"": [], ""description"": ""Implement production rule system and cognitive reasoning capabilities"", ""failure_conditions"": [], ""goal_type"": ""achieve"", ""last_updated"": ""2025-12-30T04:41:18.032828+00:00"", ""max_attempts"": 3, ""metadata"": {}, ""name"": ""implement_cognitive_reasoning"", ""parent"": ""be_helpful_cognitive_assistant"", ""priority"": 0.9, ""progress"": null, ""required_resources"": [], ""status"": ""active"", ""success_conditions"": [], ""tags"": []}",4b7edd1ddf4c3a9a90f9c43b2bf6955f12bf25d68a34f62cff996c0a7c7a1a61,2a9d10f088816541506389db5ba356738084a4f9daecdf13161e714af1086ed7,"{""item"": {""allocated_resources"": [], ""attempts"": 0, ""children"": [], ""created_at"": ""2025-12-30T04:41:18.032824+00:00"", ""dependencies"": [], ""description"": ""Implement production rule system and cognitive reasoning capabilities"", ""failure_conditions"": [], ""goal_type"": ""achieve"", ""last_updated"": ""2025-12-30T04:41:18.032828+00:00"", ""max_attempts"": 3, ""metadata"": {}, ""name"": ""implement_cognitive_reasoning"", ""parent"": ""be_helpful_cognitive_assistant"", ""priority"": 0.9, ""progress"": null, ""required_resources"": [], ""status"": ""active"", ""success_conditions"": [], ""tags"": []}, ""pattern"": {""name"": ""analyze_codebase"", ""type"": ""goal""}}","{""confidence"": 0.25, ""match"": false}"
2025-12-30T04:41:34.826080+00:00,00b19870-e9db-498f-89be-9838d84ffb08,3,goal,False,0.25,False,False,True,True,,llm_batch,"{""name"": ""analyze_codebase"", ""type"": ""goal""}",{},4b7edd1ddf4c3a9a90f9c43b2bf6955f12bf25d68a34f62cff996c0a7c7a1a61,44136fa355b3678a1146ad16f7e8649e94fb4fc21fe77e8310c060f61caaff8a,"{""item"": {}, ""pattern"": {""name"": ""analyze_codebase"", ""type"": ""goal""}}","{""confidence"": 0.25, ""match"": false}"
2025-12-30T04:41:34.826300+00:00,00b19870-e9db-498f-89be-9838d84ffb08,4,task,False,0.25,False,False,True,True,,llm_batch,"{""domain"": ""code_analysis"", ""type"": ""task""}","{""allocated_resources"": [], ""attempts"": 0, ""children"": [""minimize_cognitive_dissonance"", ""implement_cognitive_reasoning""], ""created_at"": ""2025-12-30T04:41:16.822206+00:00"", ""dependencies"": [], ""description"": ""Be a helpful, capable cognitive assistant that can reason, learn, and solve problems"", ""failure_conditions"": [], ""goal_type"": ""maintain"", ""last_updated"": ""2025-12-30T04:41:16.822211+00:00"", ""max_attempts"": 3, ""metadata"": {}, ""name"": ""be_helpful_cognitive_assistant"", ""parent"": null, ""priority"": 1.0, ""progress"": null, ""required_resources"": [], ""status"": ""active"", ""success_conditions"": [], ""tags"": []}",f9822d6cc7ea26ea4a4803c265a182beaaf26e4d2373283cdde39f139cf97f59,1952d9f5f6a5cfa0c481c7fb6c4ccea5432ef9ddabb61cabcf63accf955c193e,"{""item"": {""allocated_resources"": [], ""attempts"": 0, ""children"": [""minimize_cognitive_dissonance"", ""implement_cognitive_reasoning""], ""created_at"": ""2025-12-30T04:41:16.822206+00:00"", ""dependencies"": [], ""description"": ""Be a helpful, capable cognitive assistant that can reason, learn, and solve problems"", ""failure_conditions"": [], ""goal_type"": ""maintain"", ""last_updated"": ""2025-12-30T04:41:16.822211+00:00"", ""max_attempts"": 3, ""metadata"": {}, ""name"": ""be_helpful_cognitive_assistant"", ""parent"": null, ""priority"": 1.0, ""progress"": null, ""required_resources"": [], ""status"": ""active"", ""success_conditions"": [], ""tags"": []}, ""pattern"": {""domain"": ""code_analysis"", ""type"": ""task""}}","{""confidence"": 0.25, ""match"": false}"
2025-12-30T04:41:34.826525+00:00,00b19870-e9db-498f-89be-9838d84ffb08,5,task,False,0.25,False,False,True,True,,llm_batch,"{""domain"": ""code_analysis"", ""type"": ""task""}","{""allocated_resources"": [], ""attempts"": 0, ""children"": [], ""created_at"": ""2025-12-30T04:41:17.527754+00:00"", ""dependencies"": [], ""description"": ""Maintain alignment with self-model by minimizing cognitive dissonance across all dimensions (logical, factual, behavioral, goal-based)"", ""failure_conditions"": [], ""goal_type"": ""maintain"", ""last_updated"": ""2025-12-30T04:41:17.527758+00:00"", ""max_attempts"": 3, ""metadata"": {}, ""name"": ""minimize_cognitive_dissonance"", ""parent"": ""be_helpful_cognitive_assistant"", ""priority"": 1.0, ""progress"": null, ""required_resources"": [], ""status"": ""active"", ""success_conditions"": [{""operator"": ""<"", ""type"": ""overall_dissonance"", ""value"": 0.2}, {""operator"": ""=="", ""type"": ""no_critical_dissonance"", ""value"": true}], ""tags"": []}",f9822d6cc7ea26ea4a4803c265a182beaaf26e4d2373283cdde39f139cf97f59,8345d6bf70f1e149e06d48284c48ed1dab2e093b4bbe763c35290acc1ba7b055,"{""item"": {""allocated_resources"": [], ""attempts"": 0, ""children"": [], ""created_at"": ""2025-12-30T04:41:17.527754+00:00"", ""dependencies"": [], ""description"": ""Maintain alignment with self-model by minimizing cognitive dissonance across all dimensions (logical, factual, behavioral, goal-based)"", ""failure_conditions"": [], ""goal_type"": ""maintain"", ""last_updated"": ""2025-12-30T04:41:17.527758+00:00"", ""max_attempts"": 3, ""metadata"": {}, ""name"": ""minimize_cognitive_dissonance"", ""parent"": ""be_helpful_cognitive_assistant"", ""priority"": 1.0, ""progress"": null, ""required_resources"": [], ""status"": ""active"", ""success_conditions"": [{""operator"": ""<"", ""type"": ""overall_dissonance"", ""value"": 0.2}, {""operator"": ""=="", ""type"": ""no_critical_dissonance"", ""value"": true}], ""tags"": []}, ""pattern"": {""domain"": ""code_analysis"", ""type"": ""task""}}","{""confidence"": 0.25, ""match"": false}"
2025-12-30T04:41:34.826742+00:00,00b19870-e9db-498f-89be-9838d84ffb08,6,task,False,0.25,False,False,True,True,,llm_batch,"{""domain"": ""code_analysis"", ""type"": ""task""}","{""allocated_resources"": [], ""attempts"": 0, ""children"": [], ""created_at"": ""2025-12-30T04:41:18.032824+00:00"", ""dependencies"": [], ""description"": ""Implement production rule system and cognitive reasoning capabilities"", ""failure_conditions"": [], ""goal_type"": ""achieve"", ""last_updated"": ""2025-12-30T04:41:18.032828+00:00"", ""max_attempts"": 3, ""metadata"": {}, ""name"": ""implement_cognitive_reasoning"", ""parent"": ""be_helpful_cognitive_assistant"", ""priority"": 0.9, ""progress"": null, ""required_resources"": [], ""status"": ""active"", ""success_conditions"": [], ""tags"": []}",f9822d6cc7ea26ea4a4803c265a182beaaf26e4d2373283cdde39f139cf97f59,2a9d10f088816541506389db5ba356738084a4f9daecdf13161e714af1086ed7,"{""item"": {""allocated_resources"": [], ""attempts"": 0, ""children"": [], ""created_at"": ""2025-12-30T04:41:18.032824+00:00"", ""dependencies"": [], ""description"": ""Implement production rule system and cognitive reasoning capabilities"", ""failure_conditions"": [], ""goal_type"": ""achieve"", ""last_updated"": ""2025-12-30T04:41:18.032828+00:00"", ""max_attempts"": 3, ""metadata"": {}, ""name"": ""implement_cognitive_reasoning"", ""parent"": ""be_helpful_cognitive_assistant"", ""priority"": 0.9, ""progress"": null, ""required_resources"": [], ""status"": ""active"", ""success_conditions"": [], ""tags"": []}, ""pattern"": {""domain"": ""code_analysis"", ""type"": ""task""}}","{""confidence"": 0.25, ""match"": false}"
2025-12-30T04:41:34.826954+00:00,00b19870-e9db-498f-89be-9838d84ffb08,7,task,False,0.25,False,False,True,True,,llm_batch,"{""domain"": ""code_analysis"", ""type"": ""task""}",{},f9822d6cc7ea26ea4a4803c265a182beaaf26e4d2373283cdde39f139cf97f59,44136fa355b3678a1146ad16f7e8649e94fb4fc21fe77e8310c060f61caaff8a,"{""item"": {}, ""pattern"": {""domain"": ""code_analysis"", ""type"": ""task""}}","{""confidence"": 0.25, ""match"": false}"
2025-12-30T04:41:34.827165+00:00,00b19870-e9db-498f-89be-9838d84ffb08,8,task,False,0.25,False,False,True,True,,llm_batch,"{""needs_information"": true, ""type"": ""task""}","{""allocated_resources"": [], ""attempts"": 0, ""children"": [""minimize_cognitive_dissonance"", ""implement_cognitive_reasoning""], ""created_at"": ""2025-12-30T04:41:16.822206+00:00"", ""dependencies"": [], ""description"": ""Be a helpful, capable cognitive assistant that can reason, learn, and solve problems"", ""failure_conditions"": [], ""goal_type"": ""maintain"", ""last_updated"": ""2025-12-30T04:41:16.822211+00:00"", ""max_attempts"": 3, ""metadata"": {}, ""name"": ""be_helpful_cognitive_assistant"", ""parent"": null, ""priority"": 1.0, ""progress"": null, ""required_resources"": [], ""status"": ""active"", ""success_conditions"": [], ""tags"": []}",1d90adb7418631158747666cdb2de0b30dfbad7a4a45c978b9eeb4d782494a27,1952d9f5f6a5cfa0c481c7fb6c4ccea5432ef9ddabb61cabcf63accf955c193e,"{""item"": {""allocated_resources"": [], ""attempts"": 0, ""children"": [""minimize_cognitive_dissonance"", ""implement_cognitive_reasoning""], ""created_at"": ""2025-12-30T04:41:16.822206+00:00"", ""dependencies"": [], ""description"": ""Be a helpful, capable cognitive assistant that can reason, learn, and solve problems"", ""failure_conditions"": [], ""goal_type"": ""maintain"", ""last_updated"": ""2025-12-30T04:41:16.822211+00:00"", ""max_attempts"": 3, ""metadata"": {}, ""name"": ""be_helpful_cognitive_assistant"", ""parent"": null, ""priority"": 1.0, ""progress"": null, ""required_resources"": [], ""status"": ""active"", ""success_conditions"": [], ""tags"": []}, ""pattern"": {""needs_information"": true, ""type"": ""task""}}","{""confidence"": 0.25, ""match"": false}"
2025-12-30T04:41:34.827391+00:00,00b19870-e9db-498f-89be-9838d84ffb08,9,task,False,0.25,False,False,True,True,,llm_batch,"{""needs_information"": true, ""type"": ""task""}","{""allocated_resources"": [], ""attempts"": 0, ""children"": [], ""created_at"": ""2025-12-30T04:41:17.527754+00:00"", ""dependencies"": [], ""description"": ""Maintain alignment with self-model by minimizing cognitive dissonance across all dimensions (logical, factual, behavioral, goal-based)"", ""failure_conditions"": [], ""goal_type"": ""maintain"", ""last_updated"": ""2025-12-30T04:41:17.527758+00:00"", ""max_attempts"": 3, ""metadata"": {}, ""name"": ""minimize_cognitive_dissonance"", ""parent"": ""be_helpful_cognitive_assistant"", ""priority"": 1.0, ""progress"": null, ""required_resources"": [], ""status"": ""active"", ""success_conditions"": [{""operator"": ""<"", ""type"": ""overall_dissonance"", ""value"": 0.2}, {""operator"": ""=="", ""type"": ""no_critical_dissonance"", ""value"": true}], ""tags"": []}",1d90adb7418631158747666cdb2de0b30dfbad7a4a45c978b9eeb4d782494a27,8345d6bf70f1e149e06d48284c48ed1dab2e093b4bbe763c35290acc1ba7b055,"{""item"": {""allocated_resources"": [], ""attempts"": 0, ""children"": [], ""created_at"": ""2025-12-30T04:41:17.527754+00:00"", ""dependencies"": [], ""description"": ""Maintain alignment with self-model by minimizing cognitive dissonance across all dimensions (logical, factual, behavioral, goal-based)"", ""failure_conditions"": [], ""goal_type"": ""maintain"", ""last_updated"": ""2025-12-30T04:41:17.527758+00:00"", ""max_attempts"": 3, ""metadata"": {}, ""name"": ""minimize_cognitive_dissonance"", ""parent"": ""be_helpful_cognitive_assistant"", ""priority"": 1.0, ""progress"": null, ""required_resources"": [], ""status"": ""active"", ""success_conditions"": [{""operator"": ""<"", ""type"": ""overall_dissonance"", ""value"": 0.2}, {""operator"": ""=="", ""type"": ""no_critical_dissonance"", ""value"": true}], ""tags"": []}, ""pattern"": {""needs_information"": true, ""type"": ""task""}}","{""confidence"": 0.25, ""match"": false}"
2025-12-30T04:42:05.024703+00:00,97c4deda-6129-46b2-b993-c396c5352133,0,task,False,0.35,False,False,True,True,,llm_batch,"{""needs_information"": true, ""type"": ""task""}","{""allocated_resources"": [], ""attempts"": 0, ""children"": [], ""created_at"": ""2025-12-30T04:41:18.032824+00:00"", ""dependencies"": [], ""description"": ""Implement production rule system and cognitive reasoning capabilities"", ""failure_conditions"": [], ""goal_type"": ""achieve"", ""last_updated"": ""2025-12-30T04:41:18.032828+00:00"", ""max_attempts"": 3, ""metadata"": {}, ""name"": ""implement_cognitive_reasoning"", ""parent"": ""be_helpful_cognitive_assistant"", ""priority"": 0.9, ""progress"": null, ""required_resources"": [], ""status"": ""active"", ""success_conditions"": [], ""tags"": []}",1d90adb7418631158747666cdb2de0b30dfbad7a4a45c978b9eeb4d782494a27,2a9d10f088816541506389db5ba356738084a4f9daecdf13161e714af1086ed7,"{""item"": {""allocated_resources"": [], ""attempts"": 0, ""children"": [], ""created_at"": ""2025-12-30T04:41:18.032824+00:00"", ""dependencies"": [], ""description"": ""Implement production rule system and cognitive reasoning capabilities"", ""failure_conditions"": [], ""goal_type"": ""achieve"", ""last_updated"": ""2025-12-30T04:41:18.032828+00:00"", ""max_attempts"": 3, ""metadata"": {}, ""name"": ""implement_cognitive_reasoning"", ""parent"": ""be_helpful_cognitive_assistant"", ""priority"": 0.9, ""progress"": null, ""required_resources"": [], ""status"": ""active"", ""success_conditions"": [], ""tags"": []}, ""pattern"": {""needs_information"": true, ""type"": ""task""}}","{""confidence"": 0.35, ""match"": false}"
2025-12-30T04:42:05.024880+00:00,97c4deda-6129-46b2-b993-c396c5352133,1,task,False,0.3,False,False,True,True,,llm_batch,"{""needs_information"": true, ""type"": ""task""}",{},1d90adb7418631158747666cdb2de0b30dfbad7a4a45c978b9eeb4d782494a27,44136fa355b3678a1146ad16f7e8649e94fb4fc21fe77e8310c060f61caaff8a,"{""item"": {}, ""pattern"": {""needs_information"": true, ""type"": ""task""}}","{""confidence"": 0.3, ""match"": false}"
2025-12-30T04:42:05.025048+00:00,97c4deda-6129-46b2-b993-c396c5352133,2,goal,False,0.3,False,False,True,True,,llm_batch,"{""goal_type"": ""learn"", ""type"": ""goal""}","{""allocated_resources"": [], ""attempts"": 0, ""children"": [""minimize_cognitive_dissonance"", ""implement_cognitive_reasoning""], ""created_at"": ""2025-12-30T04:41:16.822206+00:00"", ""dependencies"": [], ""description"": ""Be a helpful, capable cognitive assistant that can reason, learn, and solve problems"", ""failure_conditions"": [], ""goal_type"": ""maintain"", ""last_updated"": ""2025-12-30T04:41:16.822211+00:00"", ""max_attempts"": 3, ""metadata"": {}, ""name"": ""be_helpful_cognitive_assistant"", ""parent"": null, ""priority"": 1.0, ""progress"": null, ""required_resources"": [], ""status"": ""active"", ""success_conditions"": [], ""tags"": []}",a2f0948a11eaf00a966b19da7a35a0d69332b4d430516d179277be08457f33cf,1952d9f5f6a5cfa0c481c7fb6c4ccea5432ef9ddabb61cabcf63accf955c193e,"{""item"": {""allocated_resources"": [], ""attempts"": 0, ""children"": [""minimize_cognitive_dissonance"", ""implement_cognitive_reasoning""], ""created_at"": ""2025-12-30T04:41:16.822206+00:00"", ""dependencies"": [], ""description"": ""Be a helpful, capable cognitive assistant that can reason, learn, and solve problems"", ""failure_conditions"": [], ""goal_type"": ""maintain"", ""last_updated"": ""2025-12-30T04:41:16.822211+00:00"", ""max_attempts"": 3, ""metadata"": {}, ""name"": ""be_helpful_cognitive_assistant"", ""parent"": null, ""priority"": 1.0, ""progress"": null, ""required_resources"": [], ""status"": ""active"", ""success_conditions"": [], ""tags"": []}, ""pattern"": {""goal_type"": ""learn"", ""type"": ""goal""}}","{""confidence"": 0.3, ""match"": false}"
2025-12-30T04:42:05.025269+00:00,97c4deda-6129-46b2-b993-c396c5352133,3,goal,False,0.3,False,False,True,True,,llm_batch,"{""goal_type"": ""learn"", ""type"": ""goal""}","{""allocated_resources"": [], ""attempts"": 0, ""children"": [], ""created_at"": ""2025-12-30T04:41:17.527754+00:00"", ""dependencies"": [], ""description"": ""Maintain alignment with self-model by minimizing cognitive dissonance across all dimensions (logical, factual, behavioral, goal-based)"", ""failure_conditions"": [], ""goal_type"": ""maintain"", ""last_updated"": ""2025-12-30T04:41:17.527758+00:00"", ""max_attempts"": 3, ""metadata"": {}, ""name"": ""minimize_cognitive_dissonance"", ""parent"": ""be_helpful_cognitive_assistant"", ""priority"": 1.0, ""progress"": null, ""required_resources"": [], ""status"": ""active"", ""success_conditions"": [{""operator"": ""<"", ""type"": ""overall_dissonance"", ""value"": 0.2}, {""operator"": ""=="", ""type"": ""no_critical_dissonance"", ""value"": true}], ""tags"": []}",a2f0948a11eaf00a966b19da7a35a0d69332b4d430516d179277be08457f33cf,8345d6bf70f1e149e06d48284c48ed1dab2e093b4bbe763c35290acc1ba7b055,"{""item"": {""allocated_resources"": [], ""attempts"": 0, ""children"": [], ""created_at"": ""2025-12-30T04:41:17.527754+00:00"", ""dependencies"": [], ""description"": ""Maintain alignment with self-model by minimizing cognitive dissonance across all dimensions (logical, factual, behavioral, goal-based)"", ""failure_conditions"": [], ""goal_type"": ""maintain"", ""last_updated"": ""2025-12-30T04:41:17.527758+00:00"", ""max_attempts"": 3, ""metadata"": {}, ""name"": ""minimize_cognitive_dissonance"", ""parent"": ""be_helpful_cognitive_assistant"", ""priority"": 1.0, ""progress"": null, ""required_resources"": [], ""status"": ""active"", ""success_conditions"": [{""operator"": ""<"", ""type"": ""overall_dissonance"", ""value"": 0.2}, {""operator"": ""=="", ""type"": ""no_critical_dissonance"", ""value"": true}], ""tags"": []}, ""pattern"": {""goal_type"": ""learn"", ""type"": ""goal""}}","{""confidence"": 0.3, ""match"": false}"
2025-12-30T04:42:05.025476+00:00,97c4deda-6129-46b2-b993-c396c5352133,4,goal,False,0.3,False,False,True,True,,llm_batch,"{""goal_type"": ""learn"", ""type"": ""goal""}","{""allocated_resources"": [], ""attempts"": 0, ""children"": [], ""created_at"": ""2025-12-30T04:41:18.032824+00:00"", ""dependencies"": [], ""description"": ""Implement production rule system and cognitive reasoning capabilities"", ""failure_conditions"": [], ""goal_type"": ""achieve"", ""last_updated"": ""2025-12-30T04:41:18.032828+00:00"", ""max_attempts"": 3, ""metadata"": {}, ""name"": ""implement_cognitive_reasoning"", ""parent"": ""be_helpful_cognitive_assistant"", ""priority"": 0.9, ""progress"": null, ""required_resources"": [], ""status"": ""active"", ""success_conditions"": [], ""tags"": []}",a2f0948a11eaf00a966b19da7a35a0d69332b4d430516d179277be08457f33cf,2a9d10f088816541506389db5ba356738084a4f9daecdf13161e714af1086ed7,"{""item"": {""allocated_resources"": [], ""attempts"": 0, ""children"": [], ""created_at"": ""2025-12-30T04:41:18.032824+00:00"", ""dependencies"": [], ""description"": ""Implement production rule system and cognitive reasoning capabilities"", ""failure_conditions"": [], ""goal_type"": ""achieve"", ""last_updated"": ""2025-12-30T04:41:18.032828+00:00"", ""max_attempts"": 3, ""metadata"": {}, ""name"": ""implement_cognitive_reasoning"", ""parent"": ""be_helpful_cognitive_assistant"", ""priority"": 0.9, ""progress"": null, ""required_resources"": [], ""status"": ""active"", ""success_conditions"": [], ""tags"": []}, ""pattern"": {""goal_type"": ""learn"", ""type"": ""goal""}}","{""confidence"": 0.3, ""match"": false}"
2025-12-30T04:42:05.025673+00:00,97c4deda-6129-46b2-b993-c396c5352133,5,goal,False,0.3,False,False,True,True,,llm_batch,"{""goal_type"": ""learn"", ""type"": ""goal""}",{},a2f0948a11eaf00a966b19da7a35a0d69332b4d430516d179277be08457f33cf,44136fa355b3678a1146ad16f7e8649e94fb4fc21fe77e8310c060f61caaff8a,"{""item"": {}, ""pattern"": {""goal_type"": ""learn"", ""type"": ""goal""}}","{""confidence"": 0.3, ""match"": false}"
2025-12-30T04:42:05.025854+00:00,97c4deda-6129-46b2-b993-c396c5352133,6,task,False,0.3,False,False,True,True,,llm_batch,"{""complexity"": ""high"", ""type"": ""task""}","{""allocated_resources"": [], ""attempts"": 0, ""children"": [""minimize_cognitive_dissonance"", ""implement_cognitive_reasoning""], ""created_at"": ""2025-12-30T04:41:16.822206+00:00"", ""dependencies"": [], ""description"": ""Be a helpful, capable cognitive assistant that can reason, learn, and solve problems"", ""failure_conditions"": [], ""goal_type"": ""maintain"", ""last_updated"": ""2025-12-30T04:41:16.822211+00:00"", ""max_attempts"": 3, ""metadata"": {}, ""name"": ""be_helpful_cognitive_assistant"", ""parent"": null, ""priority"": 1.0, ""progress"": null, ""required_resources"": [], ""status"": ""active"", ""success_conditions"": [], ""tags"": []}",52fd11b5bae020dd18db68e5578b736681eead0a0dd5686f41079f8c9a190019,1952d9f5f6a5cfa0c481c7fb6c4ccea5432ef9ddabb61cabcf63accf955c193e,"{""item"": {""allocated_resources"": [], ""attempts"": 0, ""children"": [""minimize_cognitive_dissonance"", ""implement_cognitive_reasoning""], ""created_at"": ""2025-12-30T04:41:16.822206+00:00"", ""dependencies"": [], ""description"": ""Be a helpful, capable cognitive assistant that can reason, learn, and solve problems"", ""failure_conditions"": [], ""goal_type"": ""maintain"", ""last_updated"": ""2025-12-30T04:41:16.822211+00:00"", ""max_attempts"": 3, ""metadata"": {}, ""name"": ""be_helpful_cognitive_assistant"", ""parent"": null, ""priority"": 1.0, ""progress"": null, ""required_resources"": [], ""status"": ""active"", ""success_conditions"": [], ""tags"": []}, ""pattern"": {""complexity"": ""high"", ""type"": ""task""}}","{""confidence"": 0.3, ""match"": false}"
2025-12-30T04:42:05.026048+00:00,97c4deda-6129-46b2-b993-c396c5352133,7,task,False,0.3,False,False,True,True,,llm_batch,"{""complexity"": ""high"", ""type"": ""task""}","{""allocated_resources"": [], ""attempts"": 0, ""children"": [], ""created_at"": ""2025-12-30T04:41:17.527754+00:00"", ""dependencies"": [], ""description"": ""Maintain alignment with self-model by minimizing cognitive dissonance across all dimensions (logical, factual, behavioral, goal-based)"", ""failure_conditions"": [], ""goal_type"": ""maintain"", ""last_updated"": ""2025-12-30T04:41:17.527758+00:00"", ""max_attempts"": 3, ""metadata"": {}, ""name"": ""minimize_cognitive_dissonance"", ""parent"": ""be_helpful_cognitive_assistant"", ""priority"": 1.0, ""progress"": null, ""required_resources"": [], ""status"": ""active"", ""success_conditions"": [{""operator"": ""<"", ""type"": ""overall_dissonance"", ""value"": 0.2}, {""operator"": ""=="", ""type"": ""no_critical_dissonance"", ""value"": true}], ""tags"": []}",52fd11b5bae020dd18db68e5578b736681eead0a0dd5686f41079f8c9a190019,8345d6bf70f1e149e06d48284c48ed1dab2e093b4bbe763c35290acc1ba7b055,"{""item"": {""allocated_resources"": [], ""attempts"": 0, ""children"": [], ""created_at"": ""2025-12-30T04:41:17.527754+00:00"", ""dependencies"": [], ""description"": ""Maintain alignment with self-model by minimizing cognitive dissonance across all dimensions (logical, factual, behavioral, goal-based)"", ""failure_conditions"": [], ""goal_type"": ""maintain"", ""last_updated"": ""2025-12-30T04:41:17.527758+00:00"", ""max_attempts"": 3, ""metadata"": {}, ""name"": ""minimize_cognitive_dissonance"", ""parent"": ""be_helpful_cognitive_assistant"", ""priority"": 1.0, ""progress"": null, ""required_resources"": [], ""status"": ""active"", ""success_conditions"": [{""operator"": ""<"", ""type"": ""overall_dissonance"", ""value"": 0.2}, {""operator"": ""=="", ""type"": ""no_critical_dissonance"", ""value"": true}], ""tags"": []}, ""pattern"": {""complexity"": ""high"", ""type"": ""task""}}","{""confidence"": 0.3, ""match"": false}"
2025-12-30T04:42:05.026253+00:00,97c4deda-6129-46b2-b993-c396c5352133,8,task,True,0.65,False,False,True,True,,llm_batch,"{""complexity"": ""high"", ""type"": ""task""}","{""allocated_resources"": [], ""attempts"": 0, ""children"": [], ""created_at"": ""2025-12-30T04:41:18.032824+00:00"", ""dependencies"": [], ""description"": ""Implement production rule system and cognitive reasoning capabilities"", ""failure_conditions"": [], ""goal_type"": ""achieve"", ""last_updated"": ""2025-12-30T04:41:18.032828+00:00"", ""max_attempts"": 3, ""metadata"": {}, ""name"": ""implement_cognitive_reasoning"", ""parent"": ""be_helpful_cognitive_assistant"", ""priority"": 0.9, ""progress"": null, ""required_resources"": [], ""status"": ""active"", ""success_conditions"": [], ""tags"": []}",52fd11b5bae020dd18db68e5578b736681eead0a0dd5686f41079f8c9a190019,2a9d10f088816541506389db5ba356738084a4f9daecdf13161e714af1086ed7,"{""item"": {""allocated_resources"": [], ""attempts"": 0, ""children"": [], ""created_at"": ""2025-12-30T04:41:18.032824+00:00"", ""dependencies"": [], ""description"": ""Implement production rule system and cognitive reasoning capabilities"", ""failure_conditions"": [], ""goal_type"": ""achieve"", ""last_updated"": ""2025-12-30T04:41:18.032828+00:00"", ""max_attempts"": 3, ""metadata"": {}, ""name"": ""implement_cognitive_reasoning"", ""parent"": ""be_helpful_cognitive_assistant"", ""priority"": 0.9, ""progress"": null, ""required_resources"": [], ""status"": ""active"", ""success_conditions"": [], ""tags"": []}, ""pattern"": {""complexity"": ""high"", ""type"": ""task""}}","{""confidence"": 0.65, ""match"": true}"
2025-12-30T04:42:05.026425+00:00,97c4deda-6129-46b2-b993-c396c5352133,9,task,False,0.3,False,False,True,True,,llm_batch,"{""complexity"": ""high"", ""type"": ""task""}",{},52fd11b5bae020dd18db68e5578b736681eead0a0dd5686f41079f8c9a190019,44136fa355b3678a1146ad16f7e8649e94fb4fc21fe77e8310c060f61caaff8a,"{""item"": {}, ""pattern"": {""complexity"": ""high"", ""type"": ""task""}}","{""confidence"": 0.3, ""match"": false}"
2025-12-30T04:42:15.368142+00:00,10caf7e1-e068-4ae4-97c3-155385a1f79f,0,goal,False,0.4,False,False,True,True,,llm_batch,"{""difficulty"": ""high"", ""goal_type"": ""achieve"", ""type"": ""goal""}","{""allocated_resources"": [], ""attempts"": 0, ""children"": [""minimize_cognitive_dissonance"", ""implement_cognitive_reasoning""], ""created_at"": ""2025-12-30T04:41:16.822206+00:00"", ""dependencies"": [], ""description"": ""Be a helpful, capable cognitive assistant that can reason, learn, and solve problems"", ""failure_conditions"": [], ""goal_type"": ""maintain"", ""last_updated"": ""2025-12-30T04:41:16.822211+00:00"", ""max_attempts"": 3, ""metadata"": {}, ""name"": ""be_helpful_cognitive_assistant"", ""parent"": null, ""priority"": 1.0, ""progress"": null, ""required_resources"": [], ""status"": ""active"", ""success_conditions"": [], ""tags"": []}",3a354a53f63865527f8522ef2fdd5f398efff808258b0214cdbe4298c1eee778,1952d9f5f6a5cfa0c481c7fb6c4ccea5432ef9ddabb61cabcf63accf955c193e,"{""item"": {""allocated_resources"": [], ""attempts"": 0, ""children"": [""minimize_cognitive_dissonance"", ""implement_cognitive_reasoning""], ""created_at"": ""2025-12-30T04:41:16.822206+00:00"", ""dependencies"": [], ""description"": ""Be a helpful, capable cognitive assistant that can reason, learn, and solve problems"", ""failure_conditions"": [], ""goal_type"": ""maintain"", ""last_updated"": ""2025-12-30T04:41:16.822211+00:00"", ""max_attempts"": 3, ""metadata"": {}, ""name"": ""be_helpful_cognitive_assistant"", ""parent"": null, ""priority"": 1.0, ""progress"": null, ""required_resources"": [], ""status"": ""active"", ""success_conditions"": [], ""tags"": []}, ""pattern"": {""difficulty"": ""high"", ""goal_type"": ""achieve"", ""type"": ""goal""}}","{""confidence"": 0.4, ""match"": false}"
2025-12-30T04:42:15.368364+00:00,10caf7e1-e068-4ae4-97c3-155385a1f79f,1,goal,False,0.4,False,False,True,True,,llm_batch,"{""difficulty"": ""high"", ""goal_type"": ""achieve"", ""type"": ""goal""}","{""allocated_resources"": [], ""attempts"": 0, ""children"": [], ""created_at"": ""2025-12-30T04:41:17.527754+00:00"", ""dependencies"": [], ""description"": ""Maintain alignment with self-model by minimizing cognitive dissonance across all dimensions (logical, factual, behavioral, goal-based)"", ""failure_conditions"": [], ""goal_type"": ""maintain"", ""last_updated"": ""2025-12-30T04:41:17.527758+00:00"", ""max_attempts"": 3, ""metadata"": {}, ""name"": ""minimize_cognitive_dissonance"", ""parent"": ""be_helpful_cognitive_assistant"", ""priority"": 1.0, ""progress"": null, ""required_resources"": [], ""status"": ""active"", ""success_conditions"": [{""operator"": ""<"", ""type"": ""overall_dissonance"", ""value"": 0.2}, {""operator"": ""=="", ""type"": ""no_critical_dissonance"", ""value"": true}], ""tags"": []}",3a354a53f63865527f8522ef2fdd5f398efff808258b0214cdbe4298c1eee778,8345d6bf70f1e149e06d48284c48ed1dab2e093b4bbe763c35290acc1ba7b055,"{""item"": {""allocated_resources"": [], ""attempts"": 0, ""children"": [], ""created_at"": ""2025-12-30T04:41:17.527754+00:00"", ""dependencies"": [], ""description"": ""Maintain alignment with self-model by minimizing cognitive dissonance across all dimensions (logical, factual, behavioral, goal-based)"", ""failure_conditions"": [], ""goal_type"": ""maintain"", ""last_updated"": ""2025-12-30T04:41:17.527758+00:00"", ""max_attempts"": 3, ""metadata"": {}, ""name"": ""minimize_cognitive_dissonance"", ""parent"": ""be_helpful_cognitive_assistant"", ""priority"": 1.0, ""progress"": null, ""required_resources"": [], ""status"": ""active"", ""success_conditions"": [{""operator"": ""<"", ""type"": ""overall_dissonance"", ""value"": 0.2}, {""operator"": ""=="", ""type"": ""no_critical_dissonance"", ""value"": true}], ""tags"": []}, ""pattern"": {""difficulty"": ""high"", ""goal_type"": ""achieve"", ""type"": ""goal""}}","{""confidence"": 0.4, ""match"": false}"
2025-12-30T04:42:15.368584+00:00,10caf7e1-e068-4ae4-97c3-155385a1f79f,2,goal,False,0.4,False,False,True,True,,llm_batch,"{""difficulty"": ""high"", ""goal_type"": ""achieve"", ""type"": ""goal""}","{""allocated_resources"": [], ""attempts"": 0, ""children"": [], ""created_at"": ""2025-12-30T04:41:18.032824+00:00"", ""dependencies"": [], ""description"": ""Implement production rule system and cognitive reasoning capabilities"", ""failure_conditions"": [], ""goal_type"": ""achieve"", ""last_updated"": ""2025-12-30T04:41:18.032828+00:00"", ""max_attempts"": 3, ""metadata"": {}, ""name"": ""implement_cognitive_reasoning"", ""parent"": ""be_helpful_cognitive_assistant"", ""priority"": 0.9, ""progress"": null, ""required_resources"": [], ""status"": ""active"", ""success_conditions"": [], ""tags"": []}",3a354a53f63865527f8522ef2fdd5f398efff808258b0214cdbe4298c1eee778,2a9d10f088816541506389db5ba356738084a4f9daecdf13161e714af1086ed7,"{""item"": {""allocated_resources"": [], ""attempts"": 0, ""children"": [], ""created_at"": ""2025-12-30T04:41:18.032824+00:00"", ""dependencies"": [], ""description"": ""Implement production rule system and cognitive reasoning capabilities"", ""failure_conditions"": [], ""goal_type"": ""achieve"", ""last_updated"": ""2025-12-30T04:41:18.032828+00:00"", ""max_attempts"": 3, ""metadata"": {}, ""name"": ""implement_cognitive_reasoning"", ""parent"": ""be_helpful_cognitive_assistant"", ""priority"": 0.9, ""progress"": null, ""required_resources"": [], ""status"": ""active"", ""success_conditions"": [], ""tags"": []}, ""pattern"": {""difficulty"": ""high"", ""goal_type"": ""achieve"", ""type"": ""goal""}}","{""confidence"": 0.4, ""match"": false}"
2025-12-30T04:42:15.368774+00:00,10caf7e1-e068-4ae4-97c3-155385a1f79f,3,goal,False,0.4,False,False,True,True,,llm_batch,"{""difficulty"": ""high"", ""goal_type"": ""achieve"", ""type"": ""goal""}",{},3a354a53f63865527f8522ef2fdd5f398efff808258b0214cdbe4298c1eee778,44136fa355b3678a1146ad16f7e8649e94fb4fc21fe77e8310c060f61caaff8a,"{""item"": {}, ""pattern"": {""difficulty"": ""high"", ""goal_type"": ""achieve"", ""type"": ""goal""}}","{""confidence"": 0.4, ""match"": false}"
